date,day_of_year,total_passes,total_opportunities,total_targets,error,balanced_coverage_pct,balanced_targets_acquired,balanced_avg_off_nadir,balanced_total_value,priority_first_coverage_pct,priority_first_targets_acquired,priority_first_avg_off_nadir,priority_first_total_value,quality_first_coverage_pct,quality_first_targets_acquired,quality_first_avg_off_nadir,quality_first_total_value,urgent_coverage_pct,urgent_targets_acquired,urgent_avg_off_nadir,urgent_total_value,archival_coverage_pct,archival_targets_acquired,archival_avg_off_nadir,archival_total_value
2025-01-01,1,38,3320,99,,44.7,17,33.58,5.2,44.7,17,33.58,2.6,42.1,16,30.33,6.7,47.4,18,35.82,3.6,42.1,16,30.33,7.6
2025-01-02,2,62,6410,99,,38.7,24,23.95,8.1,38.7,24,23.95,4.0,32.3,20,17.86,10.6,35.5,22,33.26,4.6,32.3,20,17.86,12.0
2025-01-03,3,88,9693,99,,30.7,27,16.19,10.0,30.7,27,16.19,5.0,29.5,26,13.39,15.1,29.5,26,18.82,4.5,29.5,26,13.39,17.2
2025-01-04,4,96,10720,99,,29.2,28,16.35,10.8,29.2,28,16.35,5.4,29.2,28,14.62,16.7,29.2,28,17.78,5.3,29.2,28,14.62,18.9
2025-01-05,5,81,8790,99,,32.1,26,16.33,9.6,32.1,26,16.33,4.8,28.4,23,14.8,13.3,32.1,26,23.03,4.7,28.4,23,14.8,15.2
2025-01-06,6,57,5980,99,,40.4,23,20.36,7.8,40.4,23,20.36,3.9,40.4,23,19.27,12.2,36.8,21,27.0,3.7,40.4,23,19.27,13.9
2025-01-07,7,37,3280,99,,48.6,18,34.26,5.5,48.6,18,34.26,2.7,51.4,19,32.08,8.0,54.1,20,35.6,3.9,51.4,19,32.08,9.1
2025-01-08,8,21,1140,99,,85.7,18,41.1,4.9,85.7,18,41.1,2.5,85.7,18,41.1,6.4,90.5,19,41.35,3.7,85.7,18,41.1,7.2
2025-01-09,9,31,2560,99,,51.6,16,35.69,4.6,51.6,16,35.69,2.3,45.2,14,32.94,5.7,48.4,15,37.2,2.7,45.2,14,32.94,6.4
2025-01-10,10,57,5763,99,,38.6,22,25.18,6.9,38.6,22,25.18,3.5,35.1,20,21.75,9.9,36.8,21,33.11,3.9,35.1,20,21.75,11.2
2025-01-11,11,84,9200,99,,27.4,23,12.22,8.7,27.4,23,12.22,4.3,27.4,23,11.32,13.7,27.4,23,19.16,4.2,27.4,23,11.32,15.5
2025-01-12,12,94,10690,99,,29.8,28,16.57,10.5,29.8,28,16.57,5.2,30.9,29,15.06,16.8,29.8,28,17.19,5.1,30.9,29,15.06,19.1
2025-01-13,13,85,9450,99,,30.6,26,15.99,9.6,30.6,26,15.99,4.8,29.4,25,14.41,14.9,29.4,25,22.25,4.6,29.4,25,14.41,17.0
2025-01-14,14,61,6490,99,,37.7,23,20.89,7.9,37.7,23,20.89,4.0,37.7,23,17.24,12.6,31.1,19,30.2,3.8,37.7,23,17.24,14.4
2025-01-15,15,42,3770,99,,50.0,21,30.77,6.6,50.0,21,30.77,3.3,47.6,20,28.95,8.9,52.4,22,32.67,4.2,47.6,20,28.95,10.0
2025-01-16,16,16,900,99,,93.8,15,40.98,3.9,93.8,15,40.98,2.0,87.5,14,40.79,5.0,93.8,15,41.01,2.6,87.5,14,40.79,5.6
2025-01-17,17,27,1980,99,,55.6,15,37.82,4.1,55.6,15,37.82,2.1,51.9,14,35.75,5.4,55.6,15,39.61,2.8,51.9,14,35.75,6.1
2025-01-18,18,47,4910,99,,34.0,16,24.11,5.5,34.0,16,24.11,2.7,38.3,18,20.31,9.3,38.3,18,33.0,3.8,38.3,18,20.31,10.6
2025-01-19,19,40,4180,99,,30.0,12,17.81,4.3,30.0,12,17.81,2.1,30.0,12,17.81,6.6,35.0,14,30.48,2.6,30.0,12,17.81,7.5
2025-01-20,20,7,590,99,,71.4,5,32.57,1.4,71.4,5,32.57,0.7,71.4,5,26.88,2.3,71.4,5,32.57,0.7,71.4,5,26.88,2.6
2025-01-21,21,0,0,99,,0.0,0,0.0,0.0,0.0,0,0.0,0.0,0.0,0,0.0,0.0,0.0,0,0.0,0.0,0.0,0,0.0,0.0
2025-01-22,22,0,0,99,,0.0,0,0.0,0.0,0.0,0,0.0,0.0,0.0,0,0.0,0.0,0.0,0,0.0,0.0,0.0,0,0.0,0.0
2025-01-23,23,0,0,99,,0.0,0,0.0,0.0,0.0,0,0.0,0.0,0.0,0,0.0,0.0,0.0,0,0.0,0.0,0.0,0,0.0,0.0
2025-01-24,24,0,0,99,,0.0,0,0.0,0.0,0.0,0,0.0,0.0,0.0,0,0.0,0.0,0.0,0,0.0,0.0,0.0,0,0.0,0.0
2025-01-25,25,0,0,99,,0.0,0,0.0,0.0,0.0,0,0.0,0.0,0.0,0,0.0,0.0,0.0,0,0.0,0.0,0.0,0,0.0,0.0
2025-01-26,26,0,0,99,,0.0,0,0.0,0.0,0.0,0,0.0,0.0,0.0,0,0.0,0.0,0.0,0,0.0,0.0,0.0,0,0.0,0.0
2025-01-27,27,0,0,99,,0.0,0,0.0,0.0,0.0,0,0.0,0.0,0.0,0,0.0,0.0,0.0,0,0.0,0.0,0.0,0,0.0,0.0
2025-01-28,28,4,150,99,,100.0,4,36.29,1.3,100.0,4,36.29,0.7,100.0,4,36.16,1.6,100.0,4,36.29,1.0,100.0,4,36.16,1.8
2025-01-29,29,44,4870,99,,29.5,13,15.4,4.8,29.5,13,15.4,2.4,29.5,13,15.4,7.6,27.3,12,21.51,1.9,29.5,13,15.4,8.6
2025-01-30,30,55,5500,99,,25.5,14,16.09,5.2,25.5,14,16.09,2.6,23.6,13,13.92,7.7,21.8,12,25.05,2.4,23.6,13,13.92,8.7
2025-01-31,31,68,7480,99,,33.8,23,22.65,7.7,33.8,23,22.65,3.9,33.8,23,18.78,12.4,36.8,25,25.85,4.0,33.8,23,18.78,14.2
2025-02-01,32,60,6100,99,,31.7,19,22.15,6.1,31.7,19,22.15,3.0,31.7,19,21.21,9.8,36.7,22,27.54,3.4,31.7,19,21.21,11.1
2025-02-02,33,48,4430,99,,43.8,21,27.46,6.5,43.8,21,27.46,3.2,39.6,19,27.55,8.9,45.8,22,30.94,3.3,39.6,19,27.55,10.2
2025-02-03,34,42,3690,99,,40.5,17,30.12,5.5,40.5,17,30.12,2.7,40.5,17,28.65,8.1,47.6,20,36.45,3.4,40.5,17,28.65,9.1
2025-02-04,35,49,4700,99,,38.8,19,29.97,5.9,38.8,19,29.97,3.0,38.8,19,29.96,8.7,40.8,20,34.07,3.2,38.8,19,29.96,9.9
2025-02-05,36,60,6220,99,,36.7,22,28.02,6.6,36.7,22,28.02,3.3,38.3,23,23.03,11.7,36.7,22,33.97,3.7,38.3,23,22.73,13.3
2025-02-06,37,69,7510,99,,37.7,26,22.87,8.9,37.7,26,22.87,4.5,37.7,26,22.2,13.8,39.1,27,26.01,4.2,37.7,26,22.2,15.7
2025-02-07,38,74,7870,99,,32.4,24,18.68,8.6,32.4,24,18.68,4.3,32.4,24,18.6,13.6,32.4,24,24.8,4.2,32.4,24,18.6,15.5
2025-02-08,39,68,7600,99,,32.4,22,22.9,7.3,32.4,22,22.9,3.6,32.4,22,18.88,11.7,35.3,24,26.69,4.0,32.4,22,18.88,13.3
2025-02-09,40,63,6490,99,,30.2,19,19.94,6.4,30.2,19,19.94,3.2,28.6,18,17.86,9.8,33.3,21,26.82,3.1,28.6,18,17.86,11.1
2025-02-10,41,48,4610,99,,41.7,20,24.57,6.3,41.7,20,24.57,3.2,41.7,20,24.09,9.7,41.7,20,30.12,3.0,41.7,20,24.09,11.1
2025-02-11,42,41,3700,99,,39.0,16,30.34,5.1,39.0,16,30.34,2.6,43.9,18,29.14,8.2,43.9,18,35.04,3.1,43.9,18,29.14,9.3
2025-02-12,43,44,4360,99,,40.9,18,25.64,5.5,40.9,18,25.64,2.8,38.6,17,25.54,8.1,38.6,17,33.52,2.3,38.6,17,25.54,9.2
2025-02-13,44,60,6020,99,,33.3,20,29.2,6.0,33.3,20,29.2,3.0,35.0,21,27.13,10.1,33.3,20,31.63,3.1,33.3,20,25.78,11.2
2025-02-14,45,69,7440,99,,34.8,24,25.98,7.9,34.8,24,25.98,3.9,34.8,24,22.56,12.3,33.3,23,28.89,3.7,34.8,24,22.56,14.0
2025-02-15,46,91,9590,99,,40.5,30,19.4,10.7,40.5,30,19.4,5.4,41.9,31,18.56,17.3,40.5,30,22.14,4.9,43.2,32,19.63,20.0
2025-02-16,47,95,9880,99,,48.7,37,28.58,11.2,48.7,37,28.58,5.6,47.4,36,23.31,17.8,48.7,37,30.84,5.5,46.1,35,23.63,19.5
2025-02-17,48,81,7720,99,,42.4,28,27.47,8.5,42.4,28,27.47,4.2,45.5,30,27.54,14.1,47.0,31,31.26,4.6,45.5,30,27.54,16.0
2025-02-18,49,73,6816,99,,43.1,28,26.44,8.4,43.1,28,26.44,4.2,43.1,28,26.28,12.8,44.6,29,27.11,4.5,43.1,28,26.28,14.6
2025-02-19,50,97,9460,99,,51.4,36,27.27,11.0,51.4,36,27.27,5.5,50.0,35,26.92,16.3,52.9,37,33.14,6.2,50.0,35,26.92,18.5
2025-02-20,51,126,13310,99,,48.3,43,21.58,14.7,48.3,43,21.58,7.3,48.3,43,20.55,22.5,43.8,39,26.65,6.5,48.3,43,20.74,25.6
2025-02-21,52,151,16340,99,,43.8,42,18.28,15.0,43.8,42,18.28,7.5,42.7,41,16.7,23.0,41.7,40,20.24,6.7,42.7,41,16.7,26.1
2025-02-22,53,155,16700,99,,44.3,43,20.14,15.1,44.3,43,20.14,7.5,45.4,44,18.9,23.8,44.3,43,23.11,7.1,45.4,44,18.9,27.1
2025-02-23,54,124,13390,99,,57.0,45,20.03,15.7,57.0,45,20.03,7.8,53.2,42,15.48,23.9,53.2,42,22.4,7.0,53.2,42,15.48,27.2
2025-02-24,55,68,6750,99,,65.2,30,27.19,9.7,65.2,30,27.19,4.8,67.4,31,27.41,14.8,67.4,31,28.37,5.1,67.4,31,27.41,16.8
2025-02-25,56,32,1840,99,,81.2,26,41.12,6.9,81.2,26,41.12,3.5,81.2,26,40.91,9.3,78.1,25,41.46,4.6,81.2,26,40.91,10.4
2025-02-26,57,28,1893,99,,60.7,17,39.0,5.1,60.7,17,39.0,2.6,60.7,17,37.9,6.5,57.1,16,40.19,3.5,64.3,18,37.24,7.8
2025-02-27,58,51,5020,99,,37.3,19,27.16,6.0,37.3,19,27.16,3.0,35.3,18,23.14,8.8,39.2,20,34.85,4.0,35.3,18,23.14,10.0
2025-02-28,59,80,8440,99,,31.2,25,17.88,8.8,31.2,25,17.88,4.4,30.0,24,16.86,13.1,31.2,25,26.54,4.5,30.0,24,16.86,14.9
2025-03-01,60,95,10670,99,,24.2,23,13.85,8.8,24.2,23,13.85,4.4,26.3,25,12.57,14.8,25.3,24,15.22,4.5,26.3,25,12.57,16.8
2025-03-02,61,89,9880,99,,29.2,26,16.86,9.7,29.2,26,16.86,4.9,30.3,27,15.17,15.9,32.6,29,21.49,5.3,30.3,27,15.17,18.1
2025-03-03,62,69,7313,99,,31.9,22,15.14,8.2,31.9,22,15.14,4.1,33.3,23,14.35,13.8,42.0,29,33.29,5.2,33.3,23,14.35,15.7
2025-03-04,63,47,4510,99,,42.6,20,26.22,6.4,42.6,20,26.22,3.2,42.6,20,24.78,9.4,42.6,20,33.29,4.0,42.6,20,24.78,10.7
2025-03-05,64,28,2050,99,,64.3,18,39.12,4.9,64.3,18,39.12,2.4,64.3,18,37.79,6.7,67.9,19,39.34,3.2,64.3,18,37.79,7.5
2025-03-06,65,23,1500,99,,78.3,18,40.16,4.8,78.3,18,40.16,2.4,78.3,18,40.12,6.5,78.3,18,40.16,3.2,78.3,18,40.12,7.3
2025-03-07,66,45,4350,99,,42.2,19,29.37,5.9,42.2,19,29.37,3.0,40.0,18,26.76,8.1,46.7,21,33.51,3.8,40.0,18,26.76,9.2
2025-03-08,67,72,7640,99,,31.9,23,18.88,7.8,31.9,23,18.88,3.9,30.6,22,15.43,12.1,31.9,23,26.63,4.1,31.9,23,16.2,14.2
2025-03-09,68,93,10390,99,,28.0,26,16.35,10.1,28.0,26,16.35,5.0,29.0,27,15.36,15.7,28.0,26,17.91,5.1,29.0,27,15.36,17.8
2025-03-10,69,93,10310,99,,26.9,25,16.48,9.6,26.9,25,16.48,4.8,29.0,27,14.85,15.6,28.0,26,19.43,4.9,29.0,27,14.85,17.7
2025-03-11,70,71,7783,99,,36.6,26,17.77,9.6,36.6,26,17.77,4.8,35.2,25,12.22,15.2,39.4,28,28.6,4.6,35.2,25,12.22,17.3
2025-03-12,71,51,5120,99,,43.1,22,24.14,7.2,43.1,22,24.14,3.6,43.1,22,22.37,11.0,41.2,21,30.94,4.3,43.1,22,22.37,12.5
2025-03-13,72,22,1880,99,,86.4,19,36.97,5.1,86.4,19,36.97,2.5,81.8,18,36.14,6.8,86.4,19,36.97,2.9,81.8,18,36.14,7.7
2025-03-14,73,18,1090,99,,77.8,14,41.4,3.9,77.8,14,41.4,2.0,77.8,14,41.39,5.0,77.8,14,41.4,2.8,77.8,14,41.39,5.6
2025-03-15,74,39,3660,99,,46.2,18,30.47,5.5,46.2,18,30.47,2.7,46.2,18,28.03,8.0,48.7,19,35.51,3.4,46.2,18,28.03,9.0
2025-03-16,75,51,5510,99,,35.3,18,17.48,6.5,35.3,18,17.48,3.3,35.3,18,15.85,10.2,29.4,15,31.2,3.2,35.3,18,15.85,11.6
2025-03-17,76,15,1510,99,,53.3,8,27.21,2.6,53.3,8,27.21,1.3,53.3,8,21.27,4.1,53.3,8,27.21,1.4,53.3,8,21.27,4.7
2025-03-18,77,0,0,99,,0.0,0,0.0,0.0,0.0,0,0.0,0.0,0.0,0,0.0,0.0,0.0,0,0.0,0.0,0.0,0,0.0,0.0
2025-03-19,78,0,0,99,,0.0,0,0.0,0.0,0.0,0,0.0,0.0,0.0,0,0.0,0.0,0.0,0,0.0,0.0,0.0,0,0.0,0.0
2025-03-20,79,0,0,99,,0.0,0,0.0,0.0,0.0,0,0.0,0.0,0.0,0,0.0,0.0,0.0,0,0.0,0.0,0.0,0,0.0,0.0
2025-03-21,80,0,0,99,,0.0,0,0.0,0.0,0.0,0,0.0,0.0,0.0,0,0.0,0.0,0.0,0,0.0,0.0,0.0,0,0.0,0.0
2025-03-22,81,5,343,99,,100.0,5,38.76,1.5,100.0,5,38.76,0.7,100.0,5,38.76,1.9,100.0,5,38.76,1.0,100.0,5,38.76,2.1
2025-03-23,82,13,970,99,,61.5,8,35.75,2.2,61.5,8,35.75,1.1,61.5,8,35.75,3.1,61.5,8,37.18,1.5,61.5,8,35.75,3.5
2025-03-24,83,23,2500,99,,52.2,12,26.14,4.0,52.2,12,26.14,2.0,52.2,12,26.14,6.2,47.8,11,29.99,1.6,52.2,12,26.13,6.8
2025-03-25,84,46,4920,99,,30.4,14,23.25,4.3,30.4,14,23.25,2.2,23.9,11,16.84,6.1,23.9,11,26.45,1.8,23.9,11,16.84,7.0
2025-03-26,85,66,7000,99,,34.8,23,26.18,7.6,34.8,23,26.18,3.8,33.3,22,21.32,11.6,36.4,24,27.4,3.7,33.3,22,21.32,13.1
2025-03-27,86,74,7830,99,,32.4,24,17.53,8.9,32.4,24,17.53,4.5,32.4,24,16.29,13.9,29.7,22,20.87,3.6,32.4,24,16.29,15.8
2025-03-28,87,69,7680,99,,33.3,23,20.88,8.0,33.3,23,20.88,4.0,34.8,24,16.94,13.8,33.3,23,24.76,3.4,34.8,24,16.94,15.7
2025-03-29,88,66,6850,99,,27.3,18,17.89,6.2,27.3,18,17.89,3.1,28.8,19,16.68,10.8,28.8,19,22.69,3.1,28.8,19,16.68,12.2
2025-03-30,89,51,5050,99,,35.3,18,22.75,5.8,35.3,18,22.75,2.9,35.3,18,22.75,9.0,37.3,19,25.72,3.3,35.3,18,22.75,10.2
2025-03-31,90,42,3860,99,,38.1,16,29.27,4.8,38.1,16,29.27,2.4,42.9,18,28.8,8.2,47.6,20,36.42,3.2,42.9,18,28.8,9.2
2025-04-01,91,43,4200,99,,39.5,17,30.17,5.1,39.5,17,30.17,2.5,39.5,17,30.17,7.6,44.2,19,35.58,2.9,39.5,17,30.17,8.6
2025-04-02,92,55,5570,99,,30.9,17,25.93,5.3,30.9,17,25.93,2.6,30.9,17,25.93,8.3,32.7,18,30.7,2.9,30.9,17,26.31,9.3
2025-04-03,93,70,7130,99,,31.4,22,26.6,7.0,31.4,22,26.6,3.5,31.4,22,22.3,11.1,32.9,23,30.72,3.6,31.4,22,22.3,12.7
2025-04-04,94,72,7700,99,,29.2,21,19.12,7.9,29.2,21,19.12,3.9,27.8,20,16.49,11.7,27.8,20,22.49,3.5,27.8,20,16.49,13.3
2025-04-05,95,73,7780,99,,30.1,22,19.95,7.8,30.1,22,19.95,3.9,32.9,24,16.98,14.1,32.9,24,27.38,4.0,31.5,23,16.31,15.4
2025-04-06,96,65,7140,99,,30.8,20,20.0,6.7,30.8,20,20.0,3.3,33.8,22,19.84,12.0,32.3,21,24.99,3.3,33.8,22,19.84,13.7
2025-04-07,97,58,5460,99,,34.5,20,21.35,6.8,34.5,20,21.35,3.4,34.5,20,21.91,10.3,37.9,22,27.14,3.5,34.5,20,21.91,11.7
2025-04-08,98,42,4020,99,,47.6,20,30.63,6.1,47.6,20,30.63,3.1,47.6,20,30.23,9.1,52.4,22,34.39,3.5,47.6,20,30.23,10.3
2025-04-09,99,42,3990,99,,42.9,18,30.84,5.5,42.9,18,30.84,2.8,42.9,18,30.64,8.2,40.5,17,34.87,2.8,42.9,18,30.64,9.3
2025-04-10,100,51,5280,99,,33.3,17,25.26,5.3,33.3,17,25.26,2.6,31.4,16,25.46,7.6,37.3,19,30.81,3.0,31.4,16,25.46,8.7
2025-04-11,101,96,10400,99,,42.7,32,24.66,10.7,42.7,32,24.66,5.3,44.0,33,21.02,17.5,42.7,32,28.58,5.2,44.0,33,21.2,19.8
2025-04-12,102,123,13153,99,,50.6,40,22.17,13.7,50.6,40,22.17,6.8,50.6,40,17.85,22.3,50.6,40,27.79,6.8,50.6,40,17.85,25.3
2025-04-13,103,122,12450,99,,47.6,39,20.92,13.2,47.6,39,20.92,6.6,47.6,39,20.49,20.6,54.9,45,27.62,7.6,47.6,39,20.49,23.4
2025-04-14,104,96,9500,99,,53.4,39,28.97,11.5,53.4,39,28.97,5.7,50.7,37,27.01,17.2,54.8,40,30.44,5.3,50.7,37,27.01,19.6
2025-04-15,105,82,7343,99,,47.2,34,29.72,9.7,47.2,34,29.72,4.8,50.0,36,28.77,16.3,51.4,37,33.87,5.0,50.0,36,28.77,18.5
2025-04-16,106,92,8540,99,,52.2,36,28.54,10.9,52.2,36,28.54,5.5,50.7,35,27.81,15.8,56.5,39,33.26,6.0,50.7,35,27.81,17.9
2025-04-17,107,115,11333,99,,47.6,39,23.23,13.4,47.6,39,23.23,6.7,46.3,38,20.95,20.0,46.3,38,29.45,7.6,45.1,37,21.4,22.0
2025-04-18,108,141,15180,99,,43.0,40,19.29,14.5,43.0,40,19.29,7.2,46.2,43,18.4,23.5,47.3,44,22.19,7.8,46.2,43,18.4,26.7
2025-04-19,109,156,16870,99,,44.3,43,20.52,15.0,44.3,43,20.52,7.5,46.4,45,18.35,24.4,46.4,45,22.79,7.3,46.4,45,18.35,27.7
2025-04-20,110,140,15480,99,,46.7,43,16.19,15.8,46.7,43,16.19,7.9,46.7,43,14.67,25.2,47.8,44,23.56,7.7,46.7,43,14.67,28.6
2025-04-21,111,110,11540,99,,60.3,41,22.9,13.6,60.3,41,22.9,6.8,58.8,40,21.9,20.9,60.3,41,27.3,6.5,58.8,40,21.9,23.8
2025-04-22,112,54,5200,99,,77.5,31,34.2,8.8,77.5,31,34.2,4.4,72.5,29,31.78,12.5,75.0,30,34.15,4.5,75.0,30,32.07,14.7
2025-04-23,113,46,3360,99,,57.5,23,37.76,5.8,57.5,23,37.76,2.9,57.5,23,37.35,8.6,62.5,25,40.88,4.1,62.5,25,37.13,10.5
2025-04-24,114,38,3570,99,,50.0,19,30.85,5.9,50.0,19,30.85,2.9,44.7,17,28.18,7.5,50.0,19,34.51,3.6,44.7,17,27.81,8.5
2025-04-25,115,65,6810,99,,35.4,23,21.69,7.8,35.4,23,21.69,3.9,35.4,23,19.86,12.0,35.4,23,32.4,4.4,35.4,23,19.86,13.7
2025-04-26,116,88,9900,99,,33.0,29,16.13,11.0,33.0,29,16.13,5.5,31.8,28,13.52,16.4,31.8,28,18.33,5.4,31.8,28,13.82,18.6
2025-04-27,117,95,10650,99,,28.4,27,16.15,10.1,28.4,27,16.15,5.1,27.4,26,14.67,15.5,29.5,28,17.4,5.2,27.4,26,14.67,17.6
2025-04-28,118,77,8520,99,,28.6,22,17.27,8.2,28.6,22,17.27,4.1,29.9,23,13.05,13.7,32.5,25,26.02,4.6,29.9,23,13.05,15.6
2025-04-29,119,53,5710,99,,43.4,23,22.84,7.6,43.4,23,22.84,3.8,45.3,24,21.09,12.3,50.9,27,32.02,4.5,45.3,24,21.09,14.0
2025-04-30,120,34,3010,99,,52.9,18,33.24,5.2,52.9,18,33.24,2.6,52.9,18,32.34,7.4,52.9,18,33.7,3.3,52.9,18,32.34,8.4
2025-05-01,121,17,1080,99,,88.2,15,40.76,3.8,88.2,15,40.76,1.9,94.1,16,40.89,5.6,88.2,15,40.76,2.4,94.1,16,40.89,6.3
2025-05-02,122,37,2893,99,,48.6,18,36.21,5.3,48.6,18,36.21,2.7,40.5,15,32.58,6.1,48.6,18,38.29,3.7,37.8,14,31.54,6.5
2025-05-03,123,60,6090,99,,38.3,23,24.82,7.5,38.3,23,24.82,3.8,35.0,21,21.56,10.5,36.7,22,33.95,4.7,35.0,21,21.4,12.0
2025-05-04,124,87,9386,99,,28.7,25,14.96,9.7,28.7,25,14.96,4.8,28.7,25,13.44,14.7,27.6,24,20.18,4.9,28.7,25,13.44,16.7
2025-05-05,125,95,10730,99,,29.5,28,15.91,10.7,29.5,28,15.91,5.3,30.5,29,15.1,16.8,29.5,28,17.42,5.2,30.5,29,15.1,19.0
2025-05-06,126,84,9160,99,,28.6,24,14.97,8.8,28.6,24,14.97,4.4,27.4,23,14.36,13.4,29.8,25,24.27,4.6,27.4,23,14.36,15.3
2025-05-07,127,57,6230,99,,40.4,23,19.18,8.0,40.4,23,19.18,4.0,42.1,24,17.8,13.1,36.8,21,24.29,3.6,42.1,24,17.8,14.9
2025-05-08,128,39,3590,99,,59.0,23,33.4,6.8,59.0,23,33.4,3.4,56.4,22,30.96,9.4,61.5,24,34.86,4.1,56.4,22,30.57,10.6
2025-05-09,129,22,1300,99,,86.4,19,41.18,5.0,86.4,19,41.18,2.5,86.4,19,40.9,6.8,90.9,20,41.63,3.4,86.4,19,40.9,7.6
2025-05-10,130,28,2260,99,,57.1,16,36.17,4.5,57.1,16,36.17,2.2,50.0,14,33.48,5.5,57.1,16,37.99,2.9,50.0,14,33.48,6.3
2025-05-11,131,53,5420,99,,37.7,20,26.27,6.3,37.7,20,26.27,3.2,37.7,20,22.19,9.8,41.5,22,33.82,3.8,37.7,20,22.19,11.2
2025-05-12,132,57,5703,99,,26.3,15,13.92,5.5,26.3,15,13.92,2.8,26.3,15,11.92,8.8,28.1,16,22.15,3.1,26.3,15,11.92,10.1
2025-05-13,133,10,653,99,,80.0,8,35.33,2.2,80.0,8,35.33,1.1,80.0,8,35.33,3.1,80.0,8,35.33,1.3,80.0,8,35.33,3.5
2025-05-14,134,0,0,99,,0.0,0,0.0,0.0,0.0,0,0.0,0.0,0.0,0,0.0,0.0,0.0,0,0.0,0.0,0.0,0,0.0,0.0
2025-05-15,135,0,0,99,,0.0,0,0.0,0.0,0.0,0,0.0,0.0,0.0,0,0.0,0.0,0.0,0,0.0,0.0,0.0,0,0.0,0.0
2025-05-16,136,18,1510,99,,55.6,10,34.2,2.9,55.6,10,34.2,1.4,44.4,8,29.35,3.5,61.1,11,34.56,1.6,44.4,8,29.35,4.0
2025-05-17,137,40,3613,99,,45.0,18,26.6,5.4,45.0,18,26.6,2.7,47.5,19,25.26,8.9,45.0,18,26.24,2.5,47.5,19,25.26,10.1
2025-05-18,138,41,3883,99,,43.9,18,27.53,5.7,43.9,18,27.53,2.8,43.9,18,27.53,8.4,43.9,18,32.58,2.9,43.9,18,27.53,9.5
2025-05-19,139,40,3900,99,,42.5,17,27.88,5.8,42.5,17,27.88,2.9,42.5,17,27.67,8.4,42.5,17,35.07,3.0,42.5,17,27.33,9.5
2025-05-20,140,51,5240,99,,31.4,16,24.78,5.0,31.4,16,24.78,2.5,31.4,16,25.87,7.6,37.3,19,29.08,2.9,31.4,16,25.87,8.6
2025-05-21,141,64,6650,99,,31.2,20,24.74,6.5,31.2,20,24.74,3.2,32.8,21,21.93,10.7,31.2,20,28.47,3.2,32.8,21,21.93,12.2
2025-05-22,142,70,7670,99,,32.9,23,17.9,8.4,32.9,23,17.9,4.2,32.9,23,18.95,13.0,28.6,20,24.15,3.5,32.9,23,18.29,14.9
2025-05-23,143,75,7880,99,,28.0,21,15.46,7.9,28.0,21,15.46,3.9,29.3,22,15.99,13.2,29.3,22,24.06,3.7,29.3,22,15.99,15.1
2025-05-24,144,68,7380,99,,33.8,23,20.47,7.8,33.8,23,20.47,3.9,30.9,21,18.21,11.4,35.3,24,23.04,3.6,30.9,21,18.21,13.0
2025-05-25,145,60,5980,99,,33.3,20,20.98,6.8,33.3,20,20.98,3.4,33.3,20,20.75,10.4,38.3,23,27.65,3.5,33.3,20,20.75,11.9
2025-05-26,146,48,4323,99,,39.6,19,29.65,5.5,39.6,19,29.65,2.8,39.6,19,29.5,8.5,43.8,21,32.93,3.0,39.6,19,29.5,9.7
2025-05-27,147,43,3830,99,,41.9,18,30.11,5.8,41.9,18,30.11,2.9,41.9,18,30.13,8.2,44.2,19,35.55,3.5,41.9,18,30.13,9.2
2025-05-28,148,49,4830,99,,34.7,17,29.21,5.1,34.7,17,29.21,2.6,36.7,18,27.95,8.4,40.8,20,32.44,2.7,36.7,18,27.95,9.5
2025-05-29,149,62,6350,99,,33.9,21,27.43,6.7,33.9,21,27.43,3.3,35.5,22,23.92,11.3,37.1,23,34.01,3.3,35.5,22,22.98,12.9
2025-05-30,150,70,7580,99,,34.3,24,21.95,8.5,34.3,24,21.95,4.2,35.7,25,20.84,13.7,32.9,23,26.64,4.0,35.7,25,20.84,15.5
2025-05-31,151,74,7930,99,,32.4,24,19.42,8.6,32.4,24,19.42,4.3,32.4,24,18.04,13.8,31.1,23,23.97,3.8,32.4,24,18.04,15.7
2025-06-01,152,68,7570,99,,32.4,22,22.23,7.2,32.4,22,22.23,3.6,30.9,21,19.72,10.9,35.3,24,26.97,3.6,30.9,21,19.72,12.4
2025-06-02,153,66,6520,99,,37.7,23,23.75,7.3,37.7,23,23.75,3.6,37.7,23,22.54,11.6,37.7,23,27.92,3.4,37.7,23,22.54,13.2
2025-06-03,154,47,4560,99,,40.4,19,24.63,6.0,40.4,19,24.63,3.0,42.6,20,25.33,9.6,40.4,19,27.68,2.9,42.6,20,25.33,10.9
2025-06-04,155,44,3930,99,,47.7,21,34.77,6.0,47.7,21,34.77,3.0,54.5,24,32.07,10.6,59.1,26,36.99,4.2,54.5,24,32.07,11.9
2025-06-05,156,83,8600,99,,54.1,33,24.25,10.8,54.1,33,24.25,5.4,52.5,32,21.72,16.6,52.5,32,27.28,5.0,52.5,32,21.72,18.9
2025-06-06,157,140,14910,99,,48.1,39,20.92,13.6,48.1,39,20.92,6.8,48.1,39,19.26,21.1,49.4,40,22.06,6.7,48.1,39,19.11,24.1
2025-06-07,158,148,16030,99,,45.3,43,19.33,15.1,45.3,43,19.33,7.6,47.4,45,17.14,25.1,46.3,44,24.32,7.1,47.4,45,17.14,28.6
2025-06-08,159,129,13720,99,,48.8,41,19.61,14.6,48.8,41,19.61,7.3,47.6,40,17.92,22.2,45.2,38,20.45,6.4,47.6,40,17.92,25.2
2025-06-09,160,103,10810,99,,53.9,41,28.31,12.3,53.9,41,28.31,6.2,51.3,39,24.29,18.9,56.6,43,30.75,6.5,51.3,39,24.29,21.5
2025-06-10,161,81,7800,99,,42.6,29,27.19,8.7,42.6,29,27.19,4.3,45.6,31,26.81,14.4,50.0,34,30.92,4.7,45.6,31,26.81,16.4
2025-06-11,162,84,7610,99,,43.5,30,28.27,9.1,43.5,30,28.27,4.5,43.5,30,27.11,13.7,46.4,32,28.72,5.4,43.5,30,27.11,15.6
2025-06-12,163,101,9716,99,,52.0,39,26.68,12.3,52.0,39,26.68,6.2,52.0,39,26.2,18.6,52.0,39,33.36,6.6,52.0,39,26.2,21.1
2025-06-13,164,128,13570,99,,47.8,43,20.51,15.1,47.8,43,20.51,7.6,47.8,43,19.82,22.8,48.9,44,24.44,8.0,47.8,43,19.82,25.9
2025-06-14,165,152,16460,99,,44.8,43,19.41,15.1,44.8,43,19.41,7.5,44.8,43,16.75,24.1,46.9,45,22.0,7.4,44.8,43,16.75,27.4
2025-06-15,166,155,16650,99,,43.3,42,22.17,14.3,43.3,42,22.17,7.1,45.4,44,17.19,24.2,44.3,43,23.38,7.3,45.4,44,17.04,27.6
2025-06-16,167,115,12193,99,,58.8,40,19.78,13.9,58.8,40,19.78,7.0,57.4,39,18.93,21.3,57.4,39,25.21,6.4,57.4,39,18.93,24.2
2025-06-17,168,61,6200,99,,68.2,30,27.3,9.7,68.2,30,27.3,4.9,68.2,30,26.94,14.5,65.9,29,29.52,4.8,68.2,30,26.94,16.4
2025-06-18,169,52,4083,99,,57.1,24,36.73,6.3,57.1,24,36.73,3.1,59.5,25,35.5,10.1,59.5,25,39.36,3.9,59.5,25,35.5,11.4
2025-06-19,170,30,2150,99,,60.0,18,38.2,5.1,60.0,18,38.2,2.5,60.0,18,36.91,6.9,60.0,18,39.8,3.4,56.7,17,36.52,7.4
2025-06-20,171,53,5340,99,,37.7,20,26.14,6.4,37.7,20,26.14,3.2,35.8,19,21.71,9.4,39.6,21,33.7,3.6,35.8,19,21.71,10.7
2025-06-21,172,82,8750,99,,32.9,27,18.44,9.8,32.9,27,18.44,4.9,32.9,27,17.51,14.9,31.7,26,23.92,5.0,32.9,27,17.51,16.9
2025-06-22,173,95,10700,99,,26.3,25,12.83,9.8,26.3,25,12.83,4.9,27.4,26,12.15,15.6,26.3,25,14.51,4.9,27.4,26,12.15,17.7
2025-06-23,174,87,9740,99,,26.4,23,16.97,8.7,26.4,23,16.97,4.3,27.6,24,15.25,14.2,27.6,24,20.97,4.7,27.6,24,15.25,16.1
2025-06-24,175,68,6990,99,,38.2,26,19.27,8.9,38.2,26,19.27,4.5,35.3,24,16.17,13.7,36.8,25,32.64,4.5,35.3,24,16.17,15.6
2025-06-25,176,43,4270,99,,44.2,19,28.54,5.9,44.2,19,28.54,2.9,44.2,19,27.64,8.8,46.5,20,33.18,3.5,46.5,20,27.41,10.4
2025-06-26,177,29,1800,99,,72.4,21,40.8,5.6,72.4,21,40.8,2.8,69.0,20,39.5,7.2,72.4,21,41.78,3.5,72.4,21,39.56,8.5
2025-06-27,178,25,1660,99,,68.0,17,38.87,4.9,68.0,17,38.87,2.5,68.0,17,38.8,6.4,68.0,17,38.87,3.4,68.0,17,38.8,7.2
2025-06-28,179,47,4590,99,,46.8,22,29.82,6.7,46.8,22,29.82,3.4,44.7,21,26.28,9.6,51.1,24,33.16,4.2,44.7,21,26.28,10.9
2025-06-29,180,76,8030,99,,31.6,24,17.19,8.5,31.6,24,17.19,4.2,31.6,24,15.13,13.4,32.9,25,28.21,4.7,32.9,25,15.55,15.6
2025-06-30,181,94,10500,99,,26.6,25,14.04,9.7,26.6,25,14.04,4.8,26.6,25,13.66,14.7,26.6,25,15.44,4.5,26.6,25,13.66,16.7
2025-07-01,182,90,10160,99,,28.9,26,15.08,10.2,28.9,26,15.08,5.1,28.9,26,14.52,15.5,25.6,23,17.92,4.3,30.0,27,14.18,18.4
2025-07-02,183,70,7560,99,,35.7,25,15.53,9.2,35.7,25,15.53,4.6,35.7,25,12.72,15.1,34.3,24,30.51,3.7,35.7,25,12.72,17.2
2025-07-03,184,49,4810,99,,44.9,22,26.08,7.2,44.9,22,26.08,3.6,46.9,23,25.47,11.0,46.9,23,33.48,4.5,46.9,23,25.47,12.4
2025-07-04,185,22,1700,99,,72.7,16,36.42,4.5,72.7,16,36.42,2.2,72.7,16,36.42,6.2,72.7,16,36.57,2.9,72.7,16,36.42,7.0
2025-07-05,186,17,1160,99,,82.4,14,39.97,3.6,82.4,14,39.97,1.8,82.4,14,39.97,5.0,82.4,14,39.97,2.2,82.4,14,39.97,5.6
2025-07-06,187,42,3940,99,,42.9,18,33.93,5.5,42.9,18,33.93,2.8,40.5,17,26.83,7.7,42.9,18,33.97,3.6,40.5,17,26.83,8.8
2025-07-07,188,20,1470,99,,50.0,10,36.62,2.6,50.0,10,36.62,1.3,50.0,10,33.75,3.9,55.0,11,38.24,1.8,50.0,10,33.75,4.4
2025-07-08,189,0,0,99,,0.0,0,0.0,0.0,0.0,0,0.0,0.0,0.0,0,0.0,0.0,0.0,0,0.0,0.0,0.0,0,0.0,0.0
2025-07-09,190,0,0,99,,0.0,0,0.0,0.0,0.0,0,0.0,0.0,0.0,0,0.0,0.0,0.0,0,0.0,0.0,0.0,0,0.0,0.0
2025-07-10,191,29,2960,99,,44.8,13,23.48,4.4,44.8,13,23.48,2.2,37.9,11,18.69,5.9,44.8,13,23.41,2.0,37.9,11,18.69,6.7
2025-07-11,192,56,5970,99,,37.5,21,24.03,6.4,37.5,21,24.03,3.2,33.9,19,20.36,9.4,37.5,21,28.45,3.2,33.9,19,20.36,10.8
2025-07-12,193,62,6420,99,,30.6,19,20.0,6.4,30.6,19,20.0,3.2,30.6,19,17.59,10.4,32.3,20,26.17,2.9,30.6,19,17.59,11.8
2025-07-13,194,46,4570,99,,41.3,19,24.23,6.2,41.3,19,24.23,3.1,41.3,19,24.17,9.2,39.1,18,25.5,3.0,41.3,19,24.17,10.4
2025-07-14,195,40,3660,99,,42.5,17,29.28,5.3,42.5,17,29.28,2.6,45.0,18,28.56,8.2,42.5,17,35.15,2.9,45.0,18,28.56,9.3
2025-07-15,196,45,4460,99,,40.0,18,27.37,5.4,40.0,18,27.37,2.7,37.8,17,27.59,7.8,37.8,17,33.35,2.3,37.8,17,27.59,8.9
2025-07-16,197,61,6113,99,,32.8,20,27.3,6.4,32.8,20,27.3,3.2,32.8,20,26.2,9.7,36.1,22,30.7,3.5,32.8,20,26.2,11.1
2025-07-17,198,69,7420,99,,34.8,24,24.94,8.1,34.8,24,24.94,4.1,34.8,24,21.21,12.8,33.3,23,26.1,3.8,34.8,24,21.21,14.5
2025-07-18,199,74,7923,99,,29.7,22,16.07,8.4,29.7,22,16.07,4.2,31.1,23,15.28,13.6,32.4,24,19.4,4.3,31.1,23,15.28,15.5
2025-07-19,200,68,7700,99,,36.8,25,22.56,8.2,36.8,25,22.56,4.1,35.3,24,18.68,13.1,36.8,25,29.23,3.8,35.3,24,18.68,15.0
2025-07-20,201,63,6750,99,,30.2,19,20.41,6.5,30.2,19,20.41,3.3,31.7,20,18.36,11.1,33.3,21,24.61,3.3,31.7,20,18.36,12.6
2025-07-21,202,50,4890,99,,42.0,21,24.56,6.8,42.0,21,24.56,3.4,38.0,19,24.57,9.2,38.0,19,23.8,3.3,38.0,19,24.57,10.5
2025-07-22,203,43,3780,99,,41.9,18,30.58,5.6,41.9,18,30.58,2.8,41.9,18,30.56,8.0,51.2,22,35.38,3.6,44.2,19,29.94,9.6
2025-07-23,204,43,4300,99,,48.8,21,30.31,6.0,48.8,21,30.31,3.0,46.5,20,29.57,9.2,44.2,19,36.91,2.9,46.5,20,29.57,10.4
2025-07-24,205,57,5740,99,,35.1,20,27.87,6.1,35.1,20,27.87,3.1,35.1,20,28.62,9.3,35.1,20,29.17,3.0,35.1,20,27.72,10.7
2025-07-25,206,70,7300,99,,32.9,23,26.68,7.8,32.9,23,26.68,3.9,34.3,24,22.09,12.5,34.3,24,27.8,3.9,34.3,24,22.09,14.2
2025-07-26,207,71,7730,99,,28.2,20,18.05,7.6,28.2,20,18.05,3.8,28.2,20,16.3,11.7,31.0,22,22.65,3.9,28.2,20,16.3,13.3
2025-07-27,208,83,8653,99,,45.1,32,25.34,10.8,45.1,32,25.34,5.4,42.3,30,20.99,16.1,42.3,30,27.73,4.5,42.3,30,20.35,18.4
2025-07-28,209,76,7660,99,,34.8,23,23.27,7.2,34.8,23,23.27,3.6,37.9,25,22.04,12.8,39.4,26,29.48,3.7,37.9,25,22.04,14.6
2025-07-29,210,57,5350,99,,39.3,22,24.28,7.1,39.3,22,24.28,3.5,39.3,22,24.28,10.8,39.3,22,28.78,3.4,39.3,22,24.28,12.3
2025-07-30,211,50,4520,99,,55.6,25,32.15,7.1,55.6,25,32.15,3.6,55.6,25,31.88,10.8,57.8,26,35.8,3.5,55.6,25,31.88,12.2
2025-07-31,212,97,9620,99,,58.7,37,26.63,12.1,58.7,37,26.63,6.0,60.3,38,24.46,18.8,57.1,36,27.54,6.0,60.3,38,24.46,21.4
2025-08-01,213,146,16000,99,,40.4,38,17.98,13.7,40.4,38,17.98,6.9,44.7,42,17.01,23.6,41.5,39,19.76,6.6,44.7,42,17.01,26.8
2025-08-02,214,154,16733,99,,47.4,46,19.51,16.4,47.4,46,19.51,8.2,46.4,45,18.65,24.6,47.4,46,23.19,7.3,47.4,46,18.65,28.6
2025-08-03,215,138,14840,99,,49.5,45,19.26,16.1,49.5,45,19.26,8.0,51.6,47,17.36,26.7,51.6,47,28.58,8.1,51.6,47,17.36,30.4
2025-08-04,216,119,12220,99,,47.6,39,21.87,13.1,47.6,39,21.87,6.5,48.8,40,21.53,21.2,50.0,41,27.13,6.9,48.8,40,21.53,24.1
2025-08-05,217,96,9160,99,,59.2,42,31.52,12.3,59.2,42,31.52,6.1,59.2,42,30.04,19.1,56.3,40,33.93,5.5,59.2,42,30.05,21.7
2025-08-06,218,81,7233,99,,50.0,36,27.49,11.1,50.0,36,27.49,5.5,50.0,36,27.49,16.7,52.8,38,30.95,6.2,50.0,36,27.49,18.9
2025-08-07,219,89,8640,99,,52.2,35,27.55,10.9,52.2,35,27.55,5.5,50.7,34,27.2,15.7,56.7,38,32.33,5.7,50.7,34,27.2,17.8
2025-08-08,220,118,11780,99,,48.8,42,24.16,14.0,48.8,42,24.16,7.0,43.0,37,21.54,19.1,48.8,42,28.29,7.2,43.0,37,21.54,21.6
2025-08-09,221,145,15543,99,,41.5,39,17.23,14.1,41.5,39,17.23,7.0,41.5,39,17.96,21.4,41.5,39,19.73,6.3,41.5,39,17.96,24.4
2025-08-10,222,130,14370,99,,45.6,41,20.41,14.0,45.6,41,20.41,7.0,44.4,40,19.82,21.3,45.6,41,25.54,6.4,44.4,40,19.82,24.2
2025-08-11,223,88,9820,99,,44.3,31,16.5,11.1,44.3,31,16.5,5.5,45.7,32,15.89,18.5,48.6,34,28.37,5.5,45.7,32,15.89,21.1
2025-08-12,224,65,6740,99,,52.9,27,26.16,9.5,52.9,27,26.16,4.7,56.9,29,22.44,15.0,60.8,31,30.09,5.3,56.9,29,22.44,17.0
2025-08-13,225,30,2400,99,,70.0,21,38.58,5.7,70.0,21,38.58,2.8,70.0,21,37.06,7.9,70.0,21,38.73,3.5,70.0,21,37.06,8.9
2025-08-14,226,22,1310,99,,81.8,18,40.78,4.8,81.8,18,40.78,2.4,81.8,18,40.75,6.4,81.8,18,40.78,3.2,86.4,19,40.3,7.6
2025-08-15,227,41,3796,99,,43.9,18,35.01,5.3,43.9,18,35.01,2.7,43.9,18,28.07,8.0,46.3,19,35.45,3.6,43.9,18,28.07,9.0
2025-08-16,228,70,7170,99,,34.3,24,20.17,8.3,34.3,24,20.17,4.2,32.9,23,17.69,12.4,34.3,24,30.57,4.8,32.9,23,17.69,14.1
2025-08-17,229,89,10040,99,,25.8,23,14.5,9.1,25.8,23,14.5,4.6,28.1,25,13.55,14.6,27.0,24,15.9,4.8,28.1,25,13.55,16.6
2025-08-18,230,94,10540,99,,28.7,27,16.67,10.3,28.7,27,16.67,5.1,27.7,26,13.43,15.4,26.6,25,16.28,4.8,27.7,26,13.43,17.5
2025-08-19,231,76,8260,99,,32.9,25,15.89,9.4,32.9,25,15.89,4.7,35.5,27,14.54,16.1,34.2,26,26.44,4.6,34.2,26,13.67,17.9
2025-08-20,232,53,5473,99,,39.6,21,25.18,7.0,39.6,21,25.18,3.5,43.4,23,23.11,11.7,45.3,24,31.68,4.3,43.4,23,23.11,13.2
2025-08-21,233,32,2840,99,,65.6,21,35.75,5.8,65.6,21,35.75,2.9,62.5,20,34.96,7.9,65.6,21,36.16,3.5,62.5,20,34.12,9.0
2025-08-22,234,18,1120,99,,88.9,16,41.11,4.4,88.9,16,41.11,2.2,88.9,16,41.11,5.7,88.9,16,41.11,3.0,88.9,16,41.11,6.4
2025-08-23,235,38,3230,99,,47.4,18,35.67,5.3,47.4,18,35.67,2.7,42.1,16,31.57,6.7,47.4,18,37.78,3.5,42.1,16,31.57,7.5
2025-08-24,236,61,6350,99,,36.1,22,23.06,7.3,36.1,22,23.06,3.6,31.1,19,18.86,9.9,34.4,21,32.03,4.2,31.1,19,18.86,11.2
2025-08-25,237,87,9590,99,,31.0,27,15.13,9.9,31.0,27,15.13,5.0,28.7,25,13.64,14.6,31.0,27,19.57,4.6,28.7,25,13.64,16.5
2025-08-26,238,96,10730,99,,29.2,28,16.54,10.7,29.2,28,16.54,5.4,28.1,27,14.65,16.0,29.2,28,19.17,5.5,28.1,27,14.65,18.2
2025-08-27,239,81,8840,99,,29.6,24,17.14,8.8,29.6,24,17.14,4.4,28.4,23,14.74,13.3,33.3,27,23.47,4.8,28.4,23,14.74,15.2
2025-08-28,240,36,3820,99,,38.9,14,14.76,4.9,38.9,14,14.76,2.5,38.9,14,14.76,7.8,36.1,13,30.49,2.7,38.9,14,14.76,8.9
2025-08-29,241,7,600,99,,71.4,5,27.26,1.4,71.4,5,27.26,0.7,71.4,5,27.26,2.2,85.7,6,31.05,1.0,71.4,5,27.26,2.5
2025-08-30,242,5,290,99,,80.0,4,41.9,1.1,80.0,4,41.9,0.5,80.0,4,41.9,1.4,80.0,4,41.9,0.8,80.0,4,41.9,1.6
2025-08-31,243,3,170,99,,100.0,3,40.9,0.8,100.0,3,40.9,0.4,100.0,3,40.9,1.1,100.0,3,40.9,0.6,100.0,3,40.9,1.2
2025-09-01,244,0,0,99,,0.0,0,0.0,0.0,0.0,0,0.0,0.0,0.0,0,0.0,0.0,0.0,0,0.0,0.0,0.0,0,0.0,0.0
2025-09-02,245,0,0,99,,0.0,0,0.0,0.0,0.0,0,0.0,0.0,0.0,0,0.0,0.0,0.0,0,0.0,0.0,0.0,0,0.0,0.0
2025-09-03,246,0,0,99,,0.0,0,0.0,0.0,0.0,0,0.0,0.0,0.0,0,0.0,0.0,0.0,0,0.0,0.0,0.0,0,0.0,0.0
2025-09-04,247,9,860,99,,66.7,6,30.4,1.6,66.7,6,30.4,0.8,66.7,6,30.4,2.5,88.9,8,36.68,1.2,66.7,6,30.4,2.9
2025-09-05,248,47,4930,99,,29.8,14,23.66,4.8,29.8,14,23.66,2.4,31.9,15,15.72,8.6,27.7,13,26.97,2.4,31.9,15,15.72,9.8
2025-09-06,249,58,6450,99,,39.7,23,21.94,7.9,39.7,23,21.94,3.9,41.4,24,21.21,13.1,39.7,23,24.56,3.5,41.4,24,21.21,14.8
2025-09-07,250,56,5420,99,,33.9,19,21.7,6.1,33.9,19,21.7,3.0,35.7,20,20.98,10.3,37.5,21,28.38,3.1,35.7,20,20.98,11.7
2025-09-08,251,42,4030,99,,45.2,19,30.48,5.9,45.2,19,30.48,2.9,45.2,19,30.2,8.7,47.6,20,34.8,3.0,45.2,19,30.26,9.9
2025-09-09,252,42,4050,99,,42.9,18,31.48,5.5,42.9,18,31.48,2.8,42.9,18,31.48,8.0,40.5,17,32.18,3.0,42.9,18,31.48,9.1
2025-09-10,253,53,5390,99,,30.2,16,27.12,5.0,30.2,16,27.12,2.5,30.2,16,27.7,7.5,32.1,17,31.12,2.4,30.2,16,27.7,8.5
2025-09-11,254,67,6850,99,,35.8,24,28.74,7.4,35.8,24,28.74,3.7,32.8,22,22.54,11.3,37.3,25,33.27,4.0,32.8,22,22.54,12.8
2025-09-12,255,70,7710,99,,34.3,24,20.38,8.5,34.3,24,20.38,4.2,35.7,25,18.81,14.0,31.4,22,26.44,3.6,35.7,25,18.81,16.0
2025-09-13,256,75,7910,99,,30.7,23,16.97,8.3,30.7,23,16.97,4.2,30.7,23,16.98,13.6,32.0,24,24.61,3.8,30.7,23,16.98,15.5
2025-09-14,257,67,7320,99,,34.3,23,20.36,7.8,34.3,23,20.36,3.9,32.8,22,17.68,12.2,32.8,22,24.63,3.3,32.8,22,17.68,13.8
2025-09-15,258,57,5770,99,,38.6,22,21.78,7.2,38.6,22,21.78,3.6,38.6,22,21.78,11.2,43.9,25,28.38,3.7,38.6,22,21.92,12.7
2025-09-16,259,45,4200,99,,42.2,19,28.93,5.7,42.2,19,28.93,2.9,42.2,19,28.83,8.6,42.2,19,32.72,2.8,42.2,19,28.83,9.8
2025-09-17,260,43,3910,99,,46.5,20,31.47,6.1,46.5,20,31.47,3.0,44.2,19,31.1,8.3,48.8,21,35.22,3.8,44.2,19,31.1,9.4
2025-09-18,261,52,5040,99,,32.7,17,26.01,5.4,32.7,17,26.01,2.7,34.6,18,25.15,8.9,34.6,18,30.89,2.5,34.6,18,25.15,10.1
2025-09-19,262,63,6540,99,,36.5,23,27.14,7.2,36.5,23,27.14,3.6,34.9,22,23.5,10.9,34.9,22,32.21,3.6,36.5,23,24.16,13.0
2025-09-20,263,69,7610,99,,33.3,23,19.65,8.4,33.3,23,19.65,4.2,34.8,24,19.55,13.4,30.4,21,25.48,3.7,34.8,24,19.55,15.2
2025-09-21,264,74,7960,99,,31.1,23,19.51,8.5,31.1,23,19.51,4.2,32.4,24,18.09,13.9,28.4,21,25.66,3.5,32.4,24,18.09,15.8
2025-09-22,265,71,7620,99,,38.2,26,23.02,8.3,38.2,26,23.02,4.1,38.2,26,21.54,13.4,39.7,27,27.46,4.2,38.2,26,21.54,15.2
2025-09-23,266,64,6313,99,,36.7,22,23.27,7.2,36.7,22,23.27,3.6,36.7,22,21.44,11.3,36.7,22,26.92,3.4,36.7,22,21.44,12.9
2025-09-24,267,48,4520,99,,41.7,20,27.22,6.2,41.7,20,27.22,3.1,39.6,19,27.57,9.0,43.8,21,31.85,3.0,39.6,19,27.57,10.2
2025-09-25,268,55,4720,99,,47.1,24,29.77,7.3,47.1,24,29.77,3.6,47.1,24,29.77,10.8,51.0,26,34.73,4.3,47.1,24,29.77,12.2
2025-09-26,269,119,12580,99,,48.0,36,21.58,12.6,48.0,36,21.58,6.3,50.7,38,19.85,20.1,49.3,37,21.93,6.4,50.7,38,19.85,22.9
2025-09-27,270,154,16803,99,,45.4,44,19.65,15.3,45.4,44,19.65,7.7,45.4,44,17.64,24.0,43.3,42,22.03,6.6,45.4,44,17.64,27.3
2025-09-28,271,146,15890,99,,47.4,45,18.56,16.0,47.4,45,18.56,8.0,49.5,47,17.55,26.4,49.5,47,23.48,8.0,49.5,47,17.55,30.1
2025-09-29,272,126,13490,99,,50.6,42,20.4,14.3,50.6,42,20.4,7.2,51.8,43,19.97,23.1,54.2,45,27.96,7.9,51.8,43,19.97,26.3
2025-09-30,273,102,10543,99,,49.3,37,27.38,11.1,49.3,37,27.38,5.6,48.0,36,24.82,17.1,54.7,41,31.62,6.0,48.0,36,24.82,19.4
2025-10-01,274,82,7640,99,,44.1,30,28.42,8.7,44.1,30,28.42,4.4,45.6,31,28.5,14.1,48.5,33,31.16,4.6,45.6,31,28.5,16.1
2025-10-02,275,81,7133,99,,49.3,33,28.2,10.4,49.3,33,28.2,5.2,46.3,31,27.31,14.5,52.2,35,30.73,5.9,46.3,31,27.31,16.4
2025-10-03,276,88,9060,99,,47.8,32,24.79,10.3,47.8,32,24.79,5.2,44.8,30,22.17,15.0,50.7,34,32.8,6.1,46.3,31,21.92,17.8
2025-10-04,277,106,11330,99,,40.4,36,19.07,12.8,40.4,36,19.07,6.4,40.4,36,18.75,19.5,41.6,37,25.02,6.0,40.4,36,18.75,22.1
2025-10-05,278,109,11780,99,,33.7,32,19.42,11.4,33.7,32,19.42,5.7,34.7,33,18.45,18.1,32.6,31,21.67,5.3,34.7,33,18.45,20.6
2025-10-06,279,83,9030,99,,31.3,26,16.14,9.3,31.3,26,16.14,4.7,28.9,24,14.62,13.8,27.7,23,24.78,4.1,28.9,24,14.62,15.7
2025-10-07,280,57,6090,99,,38.6,22,22.33,7.6,38.6,22,22.33,3.8,40.4,23,18.63,12.3,42.1,24,31.98,4.5,40.4,23,18.63,14.0
2025-10-08,281,38,3450,99,,52.6,20,33.64,6.2,52.6,20,33.64,3.1,50.0,19,31.26,8.1,50.0,19,32.86,3.7,50.0,19,31.3,9.1
2025-10-09,282,22,1220,99,,81.8,18,41.2,4.9,81.8,18,41.2,2.5,81.8,18,41.07,6.5,81.8,18,41.64,3.4,77.3,17,41.12,6.9
2025-10-10,283,29,2400,99,,51.7,15,36.12,4.1,51.7,15,36.12,2.0,48.3,14,33.11,5.6,51.7,15,37.3,2.5,48.3,14,33.11,6.3
2025-10-11,284,53,5560,99,,37.7,20,26.83,6.4,37.7,20,26.83,3.2,37.7,20,22.85,9.8,43.4,23,36.18,4.4,37.7,20,22.85,11.1
2025-10-12,285,82,9030,99,,30.5,25,14.96,9.4,30.5,25,14.96,4.7,30.5,25,13.09,14.6,26.8,22,21.72,4.2,30.5,25,13.09,16.6
2025-10-13,286,95,10710,99,,30.5,29,15.75,11.1,30.5,29,15.75,5.5,29.5,28,14.52,16.4,29.5,28,16.73,5.2,29.5,28,14.52,18.6
2025-10-14,287,86,9550,99,,30.2,26,15.64,9.7,30.2,26,15.64,4.9,30.2,26,16.14,15.1,26.7,23,22.71,4.4,30.2,26,16.14,17.1
2025-10-15,288,64,6680,99,,34.4,22,16.07,7.9,34.4,22,16.07,3.9,34.4,22,15.45,12.5,37.5,24,34.77,4.7,34.4,22,15.45,14.2
2025-10-16,289,43,4020,99,,51.2,22,31.36,6.8,51.2,22,31.36,3.4,48.8,21,29.11,9.3,58.1,25,34.43,4.7,48.8,21,29.11,10.6
2025-10-17,290,26,1600,99,,73.1,19,40.67,4.7,73.1,19,40.67,2.4,76.9,20,40.13,7.1,73.1,19,42.37,3.0,76.9,20,40.13,8.0
2025-10-18,291,27,1860,99,,63.0,17,39.19,5.0,63.0,17,39.19,2.5,59.3,16,37.75,6.1,63.0,17,40.47,3.5,63.0,17,37.09,7.3
2025-10-19,292,51,4960,99,,35.3,18,27.91,5.7,35.3,18,27.91,2.8,35.3,18,22.91,8.7,41.2,21,35.68,3.8,35.3,18,22.91,9.9
2025-10-20,293,80,8340,99,,30.0,24,18.4,8.7,30.0,24,18.4,4.3,28.7,23,15.99,12.7,32.5,26,27.42,5.0,28.7,23,15.58,14.5
2025-10-21,294,94,10520,99,,28.7,27,15.99,10.1,28.7,27,15.99,5.0,28.7,27,15.72,15.6,27.7,26,16.38,4.7,28.7,27,15.72,17.7
2025-10-22,295,53,5930,99,,30.2,16,13.16,6.2,30.2,16,13.16,3.1,32.1,17,13.13,10.1,30.2,16,17.82,3.0,32.1,17,13.13,11.5
2025-10-23,296,13,1400,99,,46.2,6,11.68,2.4,46.2,6,11.68,1.2,53.8,7,16.18,4.2,46.2,6,20.31,1.1,53.8,7,16.18,4.8
2025-10-24,297,0,0,99,,0.0,0,0.0,0.0,0.0,0,0.0,0.0,0.0,0,0.0,0.0,0.0,0,0.0,0.0,0.0,0,0.0,0.0
2025-10-25,298,0,0,99,,0.0,0,0.0,0.0,0.0,0,0.0,0.0,0.0,0,0.0,0.0,0.0,0,0.0,0.0,0.0,0,0.0,0.0
2025-10-26,299,0,0,99,,0.0,0,0.0,0.0,0.0,0,0.0,0.0,0.0,0,0.0,0.0,0.0,0,0.0,0.0,0.0,0,0.0,0.0
2025-10-27,300,0,0,99,,0.0,0,0.0,0.0,0.0,0,0.0,0.0,0.0,0,0.0,0.0,0.0,0,0.0,0.0,0.0,0,0.0,0.0
2025-10-28,301,0,0,99,,0.0,0,0.0,0.0,0.0,0,0.0,0.0,0.0,0,0.0,0.0,0.0,0,0.0,0.0,0.0,0,0.0,0.0
2025-10-29,302,0,0,99,,0.0,0,0.0,0.0,0.0,0,0.0,0.0,0.0,0,0.0,0.0,0.0,0,0.0,0.0,0.0,0,0.0,0.0
2025-10-30,303,0,0,99,,0.0,0,0.0,0.0,0.0,0,0.0,0.0,0.0,0,0.0,0.0,0.0,0,0.0,0.0,0.0,0,0.0,0.0
2025-10-31,304,16,1550,99,,37.5,6,24.97,2.2,37.5,6,24.97,1.1,43.8,7,23.2,3.8,43.8,7,27.68,1.2,43.8,7,23.2,4.3
2025-11-01,305,46,4930,99,,28.3,13,18.75,4.4,28.3,13,18.75,2.2,26.1,12,16.66,6.6,32.6,15,23.63,2.6,28.3,13,16.63,8.0
2025-11-02,306,34,3683,99,,41.2,14,19.98,4.8,41.2,14,19.98,2.4,41.2,14,17.55,7.5,41.2,14,19.98,2.3,41.2,14,17.55,8.5
2025-11-03,307,48,4570,99,,43.8,21,26.44,6.4,43.8,21,26.44,3.2,43.8,21,26.16,9.8,45.8,22,31.34,3.2,43.8,21,26.16,11.2
2025-11-04,308,40,3660,99,,42.5,17,29.35,5.2,42.5,17,29.35,2.6,45.0,18,29.45,8.3,47.5,19,37.08,3.3,45.0,18,29.45,9.4
2025-11-05,309,47,4630,99,,38.3,18,28.81,5.4,38.3,18,28.81,2.7,36.2,17,29.25,7.8,40.4,19,32.68,2.7,36.2,17,29.25,8.8
2025-11-06,310,61,6180,99,,34.4,21,26.56,6.5,34.4,21,26.56,3.3,36.1,22,23.79,11.2,34.4,21,29.25,3.2,36.1,22,23.03,12.8
2025-11-07,311,69,7520,99,,39.1,27,26.63,9.0,39.1,27,26.63,4.5,36.2,25,23.11,13.0,39.1,27,26.63,4.3,36.2,25,23.11,14.7
2025-11-08,312,74,7910,99,,31.1,23,16.87,8.7,31.1,23,16.87,4.3,31.1,23,16.96,13.4,32.4,24,20.16,3.9,31.1,23,16.96,15.3
2025-11-09,313,68,7660,99,,33.8,23,24.7,7.5,33.8,23,24.7,3.8,33.8,23,18.5,12.3,33.8,23,26.8,3.8,33.8,23,18.5,14.1
2025-11-10,314,63,6620,99,,30.2,19,19.68,6.5,30.2,19,19.68,3.2,31.7,20,18.86,10.8,34.9,22,26.41,3.1,31.7,20,18.86,12.3
2025-11-11,315,48,4750,99,,35.4,17,22.63,5.6,35.4,17,22.63,2.8,35.4,17,22.01,8.6,35.4,17,27.47,2.6,35.4,17,22.01,9.8
2025-11-12,316,42,3800,99,,40.5,17,31.06,5.2,40.5,17,31.06,2.6,42.9,18,29.75,8.1,47.6,20,35.09,3.3,42.9,18,29.75,9.2
2025-11-13,317,43,4330,99,,44.2,19,27.32,5.7,44.2,19,27.32,2.9,41.9,18,27.66,8.3,41.9,18,34.41,2.4,41.9,18,27.66,9.5
2025-11-14,318,59,5970,99,,30.5,18,30.03,5.5,30.5,18,30.03,2.8,30.5,18,27.25,8.4,33.9,20,33.12,3.1,30.5,18,25.49,9.9
2025-11-15,319,70,7390,99,,31.4,22,26.56,7.2,31.4,22,26.56,3.6,31.4,22,21.05,11.5,34.3,24,26.88,3.8,31.4,22,21.05,13.1
2025-11-16,320,75,7870,99,,30.7,23,19.86,8.5,30.7,23,19.86,4.2,29.3,22,16.92,12.8,30.7,23,26.25,3.6,29.3,22,16.92,14.5
2025-11-17,321,69,7680,99,,33.3,23,20.75,8.0,33.3,23,20.75,4.0,33.3,23,15.69,13.4,33.3,23,26.46,3.9,33.3,23,15.69,15.3
2025-11-18,322,66,6920,99,,28.8,19,16.84,6.8,28.8,19,16.84,3.4,28.8,19,16.51,10.8,30.3,20,23.14,3.3,28.8,19,16.51,12.2
2025-11-19,323,55,5133,99,,36.4,20,24.8,6.5,36.4,20,24.8,3.2,36.4,20,24.09,10.0,36.4,20,27.39,3.3,36.4,20,24.09,11.4
2025-11-20,324,42,3900,99,,45.2,19,32.11,5.7,45.2,19,32.11,2.9,45.2,19,29.15,8.6,47.6,20,34.29,3.1,45.2,19,29.15,9.7
2025-11-21,325,83,8470,99,,59.3,35,22.4,11.5,59.3,35,22.4,5.8,57.6,34,21.67,17.3,55.9,33,25.9,5.3,57.6,34,21.67,19.7
2025-11-22,326,148,16060,99,,44.7,42,18.49,15.3,44.7,42,18.49,7.6,43.6,41,16.56,23.1,47.9,45,20.46,7.7,43.6,41,16.56,26.3
2025-11-23,327,156,16810,99,,47.4,46,21.74,15.8,47.4,46,21.74,7.9,47.4,46,19.06,24.9,48.5,47,22.66,7.5,47.4,46,18.96,28.4
2025-11-24,328,137,14530,99,,52.2,47,19.86,16.6,52.2,47,19.86,8.3,50.0,45,16.46,25.6,51.1,46,23.71,7.5,50.0,45,16.46,29.1
2025-11-25,329,116,11970,99,,50.0,40,24.64,13.0,50.0,40,24.64,6.5,51.2,41,22.48,21.0,48.8,39,27.97,6.4,51.2,41,22.48,23.9
2025-11-26,330,64,5940,99,,65.3,32,33.13,9.1,65.3,32,33.13,4.5,63.3,31,32.21,13.2,63.3,31,35.89,4.4,63.3,31,32.21,15.0
2025-11-27,331,36,2700,99,,68.8,22,37.19,6.1,68.8,22,37.19,3.0,71.9,23,36.24,8.8,71.9,23,38.38,4.2,71.9,23,36.24,9.9
2025-11-28,332,50,4820,99,,38.0,19,28.5,6.0,38.0,19,28.5,3.0,36.0,18,23.78,8.6,40.0,20,33.84,3.8,36.0,18,23.78,9.8
2025-11-29,333,80,8280,99,,32.5,26,19.81,9.0,32.5,26,19.81,4.5,31.2,25,16.66,13.5,30.0,24,26.59,4.3,31.2,25,16.66,15.4
2025-11-30,334,95,10610,99,,26.3,25,15.07,9.7,26.3,25,15.07,4.8,26.3,25,14.14,14.6,26.3,25,16.66,4.7,26.3,25,14.14,16.6
2025-12-01,335,90,10070,99,,28.9,26,17.34,9.9,28.9,26,17.34,4.9,30.0,27,15.2,16.0,30.0,27,21.09,4.7,30.0,27,15.2,18.1
2025-12-02,336,69,7490,99,,37.7,26,18.49,9.4,37.7,26,18.49,4.7,36.2,25,15.88,14.6,39.1,27,31.02,4.6,36.2,25,15.88,16.6
2025-12-03,337,48,4700,99,,47.9,23,28.11,7.4,47.9,23,28.11,3.7,47.9,23,25.84,10.8,50.0,24,31.71,4.2,47.9,23,25.84,12.3
2025-12-04,338,28,2160,99,,64.3,18,39.08,4.8,64.3,18,39.08,2.4,60.7,17,36.8,6.4,64.3,18,39.08,3.0,60.7,17,36.8,7.2
2025-12-05,339,23,1440,99,,82.6,19,40.64,5.3,82.6,19,40.64,2.6,82.6,19,40.58,6.9,82.6,19,40.64,3.7,82.6,19,40.08,7.7
2025-12-06,340,45,4200,99,,46.7,21,34.23,6.1,46.7,21,34.23,3.1,42.2,19,27.96,8.4,48.9,22,34.83,4.1,42.2,19,26.9,9.6
2025-12-07,341,71,7470,99,,33.8,24,19.81,8.5,33.8,24,19.81,4.2,29.6,21,16.78,11.6,33.8,24,27.03,4.8,29.6,21,16.78,13.1
2025-12-08,342,92,10290,99,,28.3,26,15.38,10.3,28.3,26,15.38,5.2,30.4,28,15.42,16.3,25.0,23,16.77,4.4,30.4,28,15.42,18.5
2025-12-09,343,94,10460,99,,26.6,25,15.04,9.6,26.6,25,15.04,4.8,28.7,27,13.8,15.9,24.5,23,17.49,4.0,28.7,27,13.8,18.1
2025-12-10,344,73,8000,99,,35.6,26,15.66,9.6,35.6,26,15.66,4.8,34.2,25,11.72,15.3,37.0,27,25.97,4.7,34.2,25,11.72,17.4
2025-12-11,345,51,5230,99,,41.2,21,23.65,7.1,41.2,21,23.65,3.5,43.1,22,21.91,11.2,45.1,23,31.81,4.0,43.1,22,21.91,12.7
2025-12-12,346,24,2000,99,,79.2,19,36.54,5.2,79.2,19,36.54,2.6,79.2,19,36.25,7.3,79.2,19,36.54,3.0,75.0,18,35.29,7.9
2025-12-13,347,17,1010,99,,88.2,15,41.12,4.1,88.2,15,41.12,2.1,88.2,15,41.12,5.4,88.2,15,41.12,2.9,88.2,15,41.12,6.0
2025-12-14,348,38,3530,99,,50.0,19,32.1,5.8,50.0,19,32.1,2.9,42.1,16,27.53,7.1,50.0,19,32.25,3.5,42.1,16,27.53,8.1
2025-12-15,349,52,5740,99,,32.7,17,15.72,6.3,32.7,17,15.72,3.2,34.6,18,15.96,10.3,36.5,19,31.11,3.9,34.6,18,15.8,11.7
2025-12-16,350,34,3810,99,,41.2,14,23.43,4.7,41.2,14,23.43,2.4,41.2,14,20.8,7.5,38.2,13,24.14,2.1,41.2,14,20.8,8.5
2025-12-17,351,3,203,99,,100.0,3,37.42,0.8,100.0,3,37.42,0.4,100.0,3,37.42,1.1,100.0,3,37.42,0.4,100.0,3,37.42,1.2
2025-12-18,352,0,0,99,,0.0,0,0.0,0.0,0.0,0,0.0,0.0,0.0,0,0.0,0.0,0.0,0,0.0,0.0,0.0,0,0.0,0.0
2025-12-19,353,0,0,99,,0.0,0,0.0,0.0,0.0,0,0.0,0.0,0.0,0,0.0,0.0,0.0,0,0.0,0.0,0.0,0,0.0,0.0
2025-12-20,354,0,0,99,,0.0,0,0.0,0.0,0.0,0,0.0,0.0,0.0,0,0.0,0.0,0.0,0,0.0,0.0,0.0,0,0.0,0.0
2025-12-21,355,0,0,99,,0.0,0,0.0,0.0,0.0,0,0.0,0.0,0.0,0,0.0,0.0,0.0,0,0.0,0.0,0.0,0,0.0,0.0
2025-12-22,356,0,0,99,,0.0,0,0.0,0.0,0.0,0,0.0,0.0,0.0,0,0.0,0.0,0.0,0,0.0,0.0,0.0,0,0.0,0.0
2025-12-23,357,0,0,99,,0.0,0,0.0,0.0,0.0,0,0.0,0.0,0.0,0,0.0,0.0,0.0,0,0.0,0.0,0.0,0,0.0,0.0
2025-12-24,358,0,0,99,,0.0,0,0.0,0.0,0.0,0,0.0,0.0,0.0,0,0.0,0.0,0.0,0,0.0,0.0,0.0,0,0.0,0.0
2025-12-25,359,0,0,99,,0.0,0,0.0,0.0,0.0,0,0.0,0.0,0.0,0,0.0,0.0,0.0,0,0.0,0.0,0.0,0,0.0,0.0
2025-12-26,360,47,4503,99,,23.4,11,16.03,4.2,23.4,11,16.03,2.1,23.4,11,15.88,6.5,25.5,12,29.77,1.8,23.4,11,15.88,7.4
2025-12-27,361,49,5170,99,,26.5,13,19.58,4.4,26.5,13,19.58,2.2,30.6,15,13.5,8.6,28.6,14,27.46,2.5,30.6,15,13.5,9.8
2025-12-28,362,67,6903,99,,31.3,21,18.96,7.2,31.3,21,18.96,3.6,31.3,21,18.72,11.5,29.9,20,25.12,3.1,31.3,21,18.72,13.1
2025-12-29,363,55,5220,99,,38.2,21,22.94,7.0,38.2,21,22.94,3.5,38.2,21,22.81,10.8,38.2,21,28.51,3.2,36.4,20,23.46,11.5
2025-12-30,364,42,3940,99,,47.6,20,30.92,6.1,47.6,20,30.92,3.1,45.2,19,30.77,8.6,50.0,21,35.33,3.3,45.2,19,29.15,10.0
2025-12-31,365,44,4150,99,,40.9,18,29.39,5.3,40.9,18,29.39,2.6,40.9,18,29.39,8.0,40.9,18,35.88,2.7,40.9,18,29.39,9.1
