Target,Start_Time,Max_Time,End_Time,Max_Elevation_Deg,Duration_Sec
T1,2025-10-15 08:31:32.755,2025-10-15 08:32:20.774,2025-10-15 08:33:08.793,49.233,96.038
T1,2025-10-15 10:07:07.887,2025-10-15 10:08:22.299,2025-10-15 10:09:36.712,59.251,148.825
T1,2025-10-15 11:42:54.141,2025-10-15 11:44:15.970,2025-10-15 11:45:37.798,65.656,163.657
T1,2025-10-15 13:18:46.238,2025-10-15 13:20:07.313,2025-10-15 13:21:28.389,64.829,162.151
T1,2025-10-15 14:54:51.063,2025-10-15 14:56:02.211,2025-10-15 14:57:13.359,57.250,142.296
T1,2025-10-15 16:31:30.647,2025-10-15 16:32:06.018,2025-10-15 16:32:41.389,47.111,70.742
T1,2025-10-16 08:38:12.266,2025-10-16 08:39:03.449,2025-10-16 08:39:54.632,49.941,102.366
T1,2025-10-16 10:13:48.921,2025-10-16 10:15:04.225,2025-10-16 10:16:19.530,59.872,150.609
T1,2025-10-16 11:49:35.517,2025-10-16 11:50:57.504,2025-10-16 11:52:19.492,65.852,163.975
T1,2025-10-16 13:25:28.134,2025-10-16 13:26:48.865,2025-10-16 13:28:09.597,64.483,161.463
T1,2025-10-16 15:01:34.320,2025-10-16 15:02:44.184,2025-10-16 15:03:54.049,56.562,139.729
T1,2025-10-16 16:38:19.248,2025-10-16 16:38:48.745,2025-10-16 16:39:18.243,46.427,58.995
T1,2025-10-17 08:44:51.432,2025-10-17 08:45:45.454,2025-10-17 08:46:39.475,50.654,108.043
T1,2025-10-17 10:20:29.382,2025-10-17 10:21:45.503,2025-10-17 10:23:01.624,60.472,152.242
T1,2025-10-17 11:56:16.309,2025-10-17 11:57:38.421,2025-10-17 11:59:00.532,66.009,164.223
T1,2025-10-17 13:32:09.481,2025-10-17 13:33:29.828,2025-10-17 13:34:50.174,64.104,160.693
T1,2025-10-17 15:08:17.118,2025-10-17 15:09:25.595,2025-10-17 15:10:34.071,55.864,136.953
T1,2025-10-17 16:45:09.161,2025-10-17 16:45:30.922,2025-10-17 16:45:52.682,45.755,43.521
T1,2025-10-18 08:51:30.202,2025-10-18 08:52:26.789,2025-10-18 08:53:23.377,51.368,113.175
T1,2025-10-18 10:27:09.267,2025-10-18 10:28:26.136,2025-10-18 10:29:43.005,61.050,153.738
T1,2025-10-18 12:02:56.516,2025-10-18 12:04:18.718,2025-10-18 12:05:40.920,66.128,164.404
T1,2025-10-18 13:38:50.284,2025-10-18 13:40:10.204,2025-10-18 13:41:30.124,63.694,159.84
T1,2025-10-18 15:14:59.468,2025-10-18 15:16:06.439,2025-10-18 15:17:13.409,55.158,133.941
T1,2025-10-18 16:52:04.707,2025-10-18 16:52:12.554,2025-10-18 16:52:20.402,45.096,15.695
T1,2025-10-19 08:58:08.539,2025-10-19 08:59:07.455,2025-10-19 09:00:06.371,52.084,117.832
T1,2025-10-19 10:33:48.574,2025-10-19 10:35:06.124,2025-10-19 10:36:23.675,61.603,155.101
T1,2025-10-19 12:09:36.141,2025-10-19 12:10:58.400,2025-10-19 12:12:20.659,66.208,164.518
T1,2025-10-19 13:45:30.545,2025-10-19 13:46:49.990,2025-10-19 13:48:09.436,63.252,158.891
T1,2025-10-19 15:21:41.384,2025-10-19 15:22:46.720,2025-10-19 15:23:52.057,54.447,130.673
T1,2025-10-20 09:04:46.421,2025-10-20 09:05:47.458,2025-10-20 09:06:48.494,52.799,122.073
T1,2025-10-20 10:40:27.299,2025-10-20 10:41:45.471,2025-10-20 10:43:03.644,62.131,156.345
T1,2025-10-20 12:16:15.185,2025-10-20 12:17:37.468,2025-10-20 12:18:59.752,66.250,164.567
T1,2025-10-20 13:52:10.270,2025-10-20 13:53:29.191,2025-10-20 13:54:48.113,62.782,157.843
T1,2025-10-20 15:28:22.875,2025-10-20 15:29:26.439,2025-10-20 15:30:30.003,53.732,127.128
T1,2025-10-21 09:11:23.815,2025-10-21 09:12:26.793,2025-10-21 09:13:29.772,53.512,125.957
T1,2025-10-21 10:47:05.440,2025-10-21 10:48:24.178,2025-10-21 10:49:42.916,62.632,157.476
T1,2025-10-21 12:22:53.649,2025-10-21 12:24:15.925,2025-10-21 12:25:38.200,66.254,164.551
T1,2025-10-21 13:58:49.462,2025-10-21 14:00:07.808,2025-10-21 14:01:26.154,62.284,156.692
T1,2025-10-21 15:35:03.958,2025-10-21 15:36:05.600,2025-10-21 15:37:07.242,53.014,123.284
T10,2025-10-15 11:50:46.930,2025-10-15 11:52:13.635,2025-10-15 11:53:40.339,74.494,173.409
T10,2025-10-15 22:49:44.707,2025-10-15 22:50:50.262,2025-10-15 22:51:55.816,54.749,131.109
T10,2025-10-16 11:57:24.808,2025-10-16 11:58:54.012,2025-10-16 12:00:23.216,83.066,178.408
T10,2025-10-16 22:56:42.505,2025-10-16 22:57:31.621,2025-10-16 22:58:20.737,49.558,98.232
T10,2025-10-17 12:04:03.791,2025-10-17 12:05:33.461,2025-10-17 12:07:03.131,88.064,179.34
T10,2025-10-17 23:04:01.028,2025-10-17 23:04:12.703,2025-10-17 23:04:24.377,45.216,23.349
T10,2025-10-18 12:10:43.787,2025-10-18 12:12:11.983,2025-10-18 12:13:40.179,79.377,176.392
T10,2025-10-18 21:34:57.214,2025-10-18 21:35:22.257,2025-10-18 21:35:47.300,46.055,50.086
T10,2025-10-19 12:17:24.835,2025-10-19 12:18:49.586,2025-10-19 12:20:14.338,71.293,169.503
T10,2025-10-19 21:41:07.278,2025-10-19 21:41:58.228,2025-10-19 21:42:49.178,50.111,101.9
T10,2025-10-20 12:24:07.117,2025-10-20 12:25:26.267,2025-10-20 12:26:45.416,64.084,158.299
T10,2025-10-20 21:47:28.488,2025-10-20 21:48:33.901,2025-10-20 21:49:39.315,54.944,130.827
T10,2025-10-21 12:30:51.064,2025-10-21 12:32:02.030,2025-10-21 12:33:12.997,57.848,141.933
T10,2025-10-21 21:53:54.013,2025-10-21 21:55:09.273,2025-10-21 21:56:24.533,60.662,150.52
T11,2025-10-15 08:32:22.770,2025-10-15 08:33:45.493,2025-10-15 08:35:08.216,66.825,165.446
T11,2025-10-15 10:07:55.011,2025-10-15 10:09:23.516,2025-10-15 10:10:52.021,78.195,177.01
T11,2025-10-15 11:43:28.511,2025-10-15 11:44:44.118,2025-10-15 11:45:59.725,60.541,151.214
T11,2025-10-15 13:18:43.889,2025-10-15 13:19:57.927,2025-10-15 13:21:11.966,59.427,148.077
T11,2025-10-15 14:53:49.825,2025-10-15 14:55:16.712,2025-10-15 14:56:43.599,74.060,173.774
T11,2025-10-15 16:29:24.943,2025-10-15 16:30:51.393,2025-10-15 16:32:17.843,72.486,172.9
T11,2025-10-16 08:39:02.379,2025-10-16 08:40:26.920,2025-10-16 08:41:51.461,69.319,169.082
T11,2025-10-16 10:14:35.585,2025-10-16 10:16:03.389,2025-10-16 10:17:31.192,76.276,175.607
T11,2025-10-16 11:50:08.267,2025-10-16 11:51:23.107,2025-10-16 11:52:37.948,59.993,149.681
T11,2025-10-16 13:25:22.159,2025-10-16 13:26:36.842,2025-10-16 13:27:51.525,59.877,149.366
T11,2025-10-16 15:00:28.709,2025-10-16 15:01:56.365,2025-10-16 15:03:24.021,75.840,175.312
T11,2025-10-16 16:36:07.501,2025-10-16 16:37:32.470,2025-10-16 16:38:57.439,69.925,169.938
T11,2025-10-17 08:45:41.552,2025-10-17 08:47:07.614,2025-10-17 08:48:33.675,71.863,172.123
T11,2025-10-17 10:21:15.544,2025-10-17 10:22:42.573,2025-10-17 10:24:09.602,74.468,174.058
T11,2025-10-17 11:56:47.312,2025-10-17 11:58:01.461,2025-10-17 11:59:15.611,59.521,148.299
T11,2025-10-17 13:31:59.776,2025-10-17 13:33:15.179,2025-10-17 13:34:30.582,60.400,150.806
T11,2025-10-17 15:07:07.142,2025-10-17 15:08:35.490,2025-10-17 15:10:03.838,77.727,176.696
T11,2025-10-17 16:42:49.858,2025-10-17 16:44:13.060,2025-10-17 16:45:36.262,67.418,166.404
T11,2025-10-18 08:52:20.266,2025-10-18 08:53:47.576,2025-10-18 08:55:14.885,74.445,174.619
T11,2025-10-18 10:27:54.882,2025-10-18 10:29:21.069,2025-10-18 10:30:47.257,72.772,172.375
T11,2025-10-18 12:03:25.640,2025-10-18 12:04:39.184,2025-10-18 12:05:52.727,59.122,147.087
T11,2025-10-18 13:38:36.752,2025-10-18 13:39:52.943,2025-10-18 13:41:09.134,60.999,152.382
T11,2025-10-18 15:13:45.138,2025-10-18 15:15:14.094,2025-10-18 15:16:43.051,79.719,177.913
T11,2025-10-18 16:49:32.044,2025-10-18 16:50:53.164,2025-10-18 16:52:14.283,64.978,162.239
T11,2025-10-19 07:24:04.967,2025-10-19 07:24:31.195,2025-10-19 07:24:57.424,46.118,52.457
T11,2025-10-19 08:58:58.498,2025-10-19 09:00:26.812,2025-10-19 09:01:55.126,77.047,176.628
T11,2025-10-19 10:34:33.589,2025-10-19 10:35:58.882,2025-10-19 10:37:24.175,71.186,170.586
T11,2025-10-19 12:10:03.250,2025-10-19 12:11:16.278,2025-10-19 12:12:29.307,58.795,146.057
T11,2025-10-19 13:45:13.101,2025-10-19 13:46:30.137,2025-10-19 13:47:47.173,61.676,154.072
T11,2025-10-19 15:20:22.710,2025-10-19 15:21:52.179,2025-10-19 15:23:21.647,81.812,178.937
T11,2025-10-19 16:56:14.098,2025-10-19 16:57:32.783,2025-10-19 16:58:51.468,62.615,157.37
T11,2025-10-20 07:30:32.401,2025-10-20 07:31:11.609,2025-10-20 07:31:50.817,47.663,78.416
T11,2025-10-20 09:05:36.229,2025-10-20 09:07:05.323,2025-10-20 09:08:34.417,79.655,178.188
T11,2025-10-20 10:41:11.660,2025-10-20 10:42:36.016,2025-10-20 10:44:00.372,69.708,168.712
T11,2025-10-20 12:16:40.138,2025-10-20 12:17:52.749,2025-10-20 12:19:05.360,58.537,145.222
T11,2025-10-20 13:51:48.835,2025-10-20 13:53:06.763,2025-10-20 13:54:24.690,62.433,155.855
T11,2025-10-20 15:26:59.871,2025-10-20 15:28:29.745,2025-10-20 15:29:59.620,84.002,179.749
T11,2025-10-20 17:02:56.065,2025-10-20 17:04:11.920,2025-10-20 17:05:27.775,60.338,151.71
T11,2025-10-21 07:37:03.031,2025-10-21 07:37:51.271,2025-10-21 07:38:39.511,49.299,96.48
T11,2025-10-21 09:12:13.446,2025-10-21 09:13:43.113,2025-10-21 09:15:12.781,82.251,179.335
T11,2025-10-21 10:47:49.088,2025-10-21 10:49:12.474,2025-10-21 10:50:35.861,68.337,166.773
T11,2025-10-21 12:23:16.305,2025-10-21 12:24:28.600,2025-10-21 12:25:40.896,58.347,144.591
T11,2025-10-21 13:58:23.970,2025-10-21 13:59:42.826,2025-10-21 14:01:01.683,63.272,157.713
T11,2025-10-21 15:33:36.634,2025-10-21 15:35:06.798,2025-10-21 15:36:36.962,86.281,180.328
T11,2025-10-21 17:09:38.000,2025-10-21 17:10:50.577,2025-10-21 17:12:03.154,58.153,145.154
T11,2025-10-22 07:43:34.871,2025-10-22 07:44:30.180,2025-10-22 07:45:25.490,51.030,110.619
T12,2025-10-15 18:15:00.410,2025-10-15 18:16:25.835,2025-10-15 18:17:51.260,71.435,170.85
T12,2025-10-16 03:41:23.039,2025-10-16 03:42:30.893,2025-10-16 03:43:38.747,56.003,135.708
T12,2025-10-16 18:21:38.094,2025-10-16 18:23:06.385,2025-10-16 18:24:34.676,78.183,176.582
T12,2025-10-17 03:47:53.794,2025-10-17 03:49:09.233,2025-10-17 03:50:24.671,60.629,150.877
T12,2025-10-17 18:28:16.318,2025-10-17 18:29:46.051,2025-10-17 18:31:15.784,85.266,179.466
T12,2025-10-18 03:54:26.077,2025-10-18 03:55:47.231,2025-10-18 03:57:08.385,65.886,162.308
T12,2025-10-18 18:34:54.973,2025-10-18 18:36:24.833,2025-10-18 18:37:54.693,87.554,179.72
T12,2025-10-19 04:00:59.554,2025-10-19 04:02:24.886,2025-10-19 04:03:50.218,71.774,170.664
T12,2025-10-19 18:41:34.009,2025-10-19 18:43:02.735,2025-10-19 18:44:31.461,80.537,177.452
T12,2025-10-20 04:07:34.053,2025-10-20 04:09:02.195,2025-10-20 04:10:30.337,78.230,176.284
T12,2025-10-20 18:48:13.428,2025-10-20 18:49:39.763,2025-10-20 18:51:06.099,73.909,172.671
T12,2025-10-21 04:14:09.489,2025-10-21 04:15:39.166,2025-10-21 04:17:08.843,85.119,179.354
T12,2025-10-21 18:54:53.290,2025-10-21 18:56:15.919,2025-10-21 18:57:38.547,67.828,165.257
T12,2025-10-22 04:20:45.833,2025-10-22 04:22:15.798,2025-10-22 04:23:45.762,87.764,179.929
T13,2025-10-15 15:22:59.032,2025-10-15 15:24:25.390,2025-10-15 15:25:51.749,76.245,172.717
T13,2025-10-16 03:20:56.325,2025-10-16 03:21:22.295,2025-10-16 03:21:48.265,46.144,51.94
T13,2025-10-16 15:29:35.319,2025-10-16 15:31:04.007,2025-10-16 15:32:32.696,86.665,177.377
T13,2025-10-17 03:26:54.700,2025-10-17 03:28:01.062,2025-10-17 03:29:07.424,55.503,132.724
T13,2025-10-17 15:36:18.720,2025-10-17 15:37:42.170,2025-10-17 15:39:05.620,70.214,166.9
T13,2025-10-18 03:33:16.678,2025-10-18 03:34:39.095,2025-10-18 03:36:01.512,68.338,164.834
T13,2025-10-18 15:43:10.957,2025-10-18 15:44:19.860,2025-10-18 15:45:28.764,56.901,137.807
T13,2025-10-19 03:39:47.718,2025-10-19 03:41:16.381,2025-10-19 03:42:45.045,84.418,177.327
T13,2025-10-19 15:50:22.296,2025-10-19 15:50:57.079,2025-10-19 15:51:31.861,47.150,69.565
T13,2025-10-20 03:46:25.585,2025-10-20 03:47:52.918,2025-10-20 03:49:20.250,78.500,174.665
T13,2025-10-21 03:53:10.570,2025-10-21 03:54:28.693,2025-10-21 03:55:46.815,63.501,156.245
T13,2025-10-22 04:00:06.258,2025-10-22 04:01:03.696,2025-10-22 04:02:01.134,52.033,114.876
T14,2025-10-15 09:32:52.579,2025-10-15 09:34:03.840,2025-10-15 09:35:15.101,57.368,142.522
T14,2025-10-16 09:39:20.095,2025-10-16 09:40:43.902,2025-10-16 09:42:07.709,68.178,167.614
T14,2025-10-17 09:45:53.371,2025-10-17 09:47:23.010,2025-10-17 09:48:52.650,81.213,179.279
T14,2025-10-18 09:52:30.986,2025-10-18 09:54:01.173,2025-10-18 09:55:31.360,84.698,180.374
T14,2025-10-18 20:39:57.312,2025-10-18 20:40:29.772,2025-10-18 20:41:02.232,46.795,64.92
T14,2025-10-19 09:59:12.724,2025-10-19 10:00:38.387,2025-10-19 10:02:04.049,71.364,171.325
T14,2025-10-19 20:46:01.510,2025-10-19 20:47:05.777,2025-10-19 20:48:10.044,54.225,128.534
T14,2025-10-20 10:05:59.372,2025-10-20 10:07:14.643,2025-10-20 10:08:29.914,60.123,150.542
T14,2025-10-20 20:52:21.863,2025-10-20 20:53:41.534,2025-10-20 20:55:01.205,63.921,159.342
T14,2025-10-21 10:12:53.963,2025-10-21 10:13:49.948,2025-10-21 10:14:45.933,51.312,111.97
T14,2025-10-21 20:58:49.300,2025-10-21 21:00:17.031,2025-10-21 21:01:44.762,75.995,175.462
T15,2025-10-15 08:29:09.501,2025-10-15 08:30:31.337,2025-10-15 08:31:53.173,66.270,163.672
T15,2025-10-15 10:04:26.052,2025-10-15 10:05:55.901,2025-10-15 10:07:25.751,83.397,179.699
T15,2025-10-15 11:40:15.326,2025-10-15 11:41:36.413,2025-10-15 11:42:57.501,64.891,162.175
T15,2025-10-16 03:49:26.717,2025-10-16 03:50:51.412,2025-10-16 03:52:16.106,69.526,169.389
T15,2025-10-16 05:25:00.068,2025-10-16 05:26:29.049,2025-10-16 05:27:58.031,79.746,177.963
T15,2025-10-16 07:00:31.166,2025-10-16 07:01:52.074,2025-10-16 07:03:12.981,65.254,161.815
T15,2025-10-16 08:35:48.421,2025-10-16 08:37:10.757,2025-10-16 08:38:33.093,66.878,164.672
T15,2025-10-16 10:11:05.963,2025-10-16 10:12:36.091,2025-10-16 10:14:06.219,85.301,180.256
T15,2025-10-16 11:46:59.146,2025-10-16 11:48:17.998,2025-10-16 11:49:36.850,62.721,157.704
T15,2025-10-17 03:56:06.173,2025-10-17 03:57:32.234,2025-10-17 03:58:58.296,71.831,172.123
T15,2025-10-17 05:31:40.043,2025-10-17 05:33:08.518,2025-10-17 05:34:36.993,78.124,176.95
T15,2025-10-17 07:07:10.306,2025-10-17 07:08:30.848,2025-10-17 07:09:51.391,64.878,161.085
T15,2025-10-17 08:42:26.727,2025-10-17 08:43:49.603,2025-10-17 08:45:12.479,67.566,165.752
T15,2025-10-17 10:17:45.436,2025-10-17 10:19:15.755,2025-10-17 10:20:46.074,87.287,180.638
T15,2025-10-17 11:53:42.812,2025-10-17 11:54:59.090,2025-10-17 11:56:15.368,60.618,152.556
T15,2025-10-18 02:27:48.190,2025-10-18 02:28:15.607,2025-10-18 02:28:43.025,46.226,54.835
T15,2025-10-18 04:02:45.136,2025-10-18 04:04:12.336,2025-10-18 04:05:39.536,74.157,174.4
T15,2025-10-18 05:38:19.388,2025-10-18 05:39:47.310,2025-10-18 05:41:15.232,76.599,175.844
T15,2025-10-18 07:13:48.758,2025-10-18 07:15:08.998,2025-10-18 07:16:29.239,64.577,160.481
T15,2025-10-18 08:49:04.431,2025-10-18 08:50:27.878,2025-10-18 08:51:51.326,68.335,166.895
T15,2025-10-18 10:24:24.481,2025-10-18 10:25:54.895,2025-10-18 10:27:25.309,89.348,180.828
T15,2025-10-18 12:00:26.370,2025-10-18 12:01:39.694,2025-10-18 12:02:53.018,58.588,146.648
T15,2025-10-19 02:34:17.521,2025-10-19 02:34:56.765,2025-10-19 02:35:36.008,47.666,78.487
T15,2025-10-19 04:09:23.589,2025-10-19 04:10:51.724,2025-10-19 04:12:19.859,76.493,176.27
T15,2025-10-19 05:44:58.097,2025-10-19 05:46:25.431,2025-10-19 05:47:52.766,75.172,174.669
T15,2025-10-19 07:20:26.523,2025-10-19 07:21:46.528,2025-10-19 07:23:06.533,64.350,160.01
T15,2025-10-19 08:55:41.543,2025-10-19 08:57:05.587,2025-10-19 08:58:29.631,69.187,168.088
T15,2025-10-19 10:31:03.113,2025-10-19 10:32:33.513,2025-10-19 10:34:03.914,88.521,180.801
T15,2025-10-19 12:07:09.878,2025-10-19 12:08:19.809,2025-10-19 12:09:29.740,56.636,139.862
T15,2025-10-20 02:40:49.473,2025-10-20 02:41:37.181,2025-10-20 02:42:24.890,49.184,95.417
T15,2025-10-20 04:16:01.515,2025-10-20 04:17:30.398,2025-10-20 04:18:59.280,78.824,177.765
T15,2025-10-20 05:51:36.163,2025-10-20 05:53:02.881,2025-10-20 05:54:29.599,73.841,173.436
T15,2025-10-20 07:27:03.602,2025-10-20 07:28:23.441,2025-10-20 07:29:43.280,64.195,159.678
T15,2025-10-20 09:02:18.075,2025-10-20 09:03:42.731,2025-10-20 09:05:07.388,70.124,169.313
T15,2025-10-20 10:37:41.342,2025-10-20 10:39:11.613,2025-10-20 10:40:41.884,86.333,180.542
T15,2025-10-20 12:13:53.413,2025-10-20 12:14:59.438,2025-10-20 12:16:05.464,54.765,132.051
T15,2025-10-21 02:47:22.438,2025-10-21 02:48:16.855,2025-10-21 02:49:11.271,50.780,108.833
T15,2025-10-21 04:22:38.903,2025-10-21 04:24:08.361,2025-10-21 04:25:37.819,81.139,178.916
T15,2025-10-21 05:58:13.582,2025-10-21 05:59:39.665,2025-10-21 06:01:05.748,72.605,172.166
T15,2025-10-21 07:33:39.997,2025-10-21 07:34:59.741,2025-10-21 07:36:19.484,64.111,159.487
T15,2025-10-21 09:08:54.038,2025-10-21 09:10:19.316,2025-10-21 09:11:44.594,71.148,170.556
T15,2025-10-21 10:44:19.184,2025-10-21 10:45:49.196,2025-10-21 10:47:19.208,84.095,180.024
T15,2025-10-21 12:20:37.083,2025-10-21 12:21:38.580,2025-10-21 12:22:40.077,52.977,122.994
T15,2025-10-22 02:53:55.816,2025-10-22 02:54:55.786,2025-10-22 02:55:55.755,52.456,119.939
T15,2025-10-22 04:29:15.740,2025-10-22 04:30:45.617,2025-10-22 04:32:15.494,83.425,179.754
T15,2025-10-22 06:04:50.347,2025-10-22 06:06:15.786,2025-10-22 06:07:41.226,71.463,170.879
T15,2025-10-22 07:40:15.710,2025-10-22 07:41:35.431,2025-10-22 07:42:55.151,64.098,159.441
T16,2025-10-15 14:41:03.885,2025-10-15 14:42:30.090,2025-10-15 14:43:56.296,75.259,172.411
T16,2025-10-16 14:47:52.126,2025-10-16 14:49:09.854,2025-10-16 14:50:27.581,63.013,155.455
T16,2025-10-17 14:54:48.273,2025-10-17 14:55:49.356,2025-10-17 14:56:50.438,53.247,122.165
T16,2025-10-18 15:02:06.499,2025-10-18 15:02:28.586,2025-10-18 15:02:50.673,45.814,44.174
T16,2025-10-20 02:53:13.257,2025-10-20 02:53:32.416,2025-10-20 02:53:51.576,45.610,38.319
T16,2025-10-21 02:59:09.986,2025-10-21 03:00:10.131,2025-10-21 03:01:10.276,52.956,120.29
T16,2025-10-22 03:05:29.848,2025-10-22 03:06:46.896,2025-10-22 03:08:03.944,62.581,154.096
T17,2025-10-16 05:38:40.644,2025-10-16 05:40:08.266,2025-10-16 05:41:35.889,80.740,175.245
T17,2025-10-17 05:45:18.837,2025-10-17 05:46:47.064,2025-10-17 05:48:15.291,84.479,176.454
T17,2025-10-18 05:52:01.592,2025-10-18 05:53:24.923,2025-10-18 05:54:48.253,70.544,166.661
T17,2025-10-18 16:38:10.032,2025-10-18 16:38:45.744,2025-10-18 16:39:21.456,47.301,71.424
T17,2025-10-19 05:58:49.894,2025-10-19 06:00:01.831,2025-10-19 06:01:13.769,58.953,143.875
T17,2025-10-19 16:44:16.351,2025-10-19 16:45:21.925,2025-10-19 16:46:27.498,55.324,131.147
T17,2025-10-20 06:05:47.853,2025-10-20 06:06:37.797,2025-10-20 06:07:27.741,50.017,99.888
T17,2025-10-20 16:50:37.782,2025-10-20 16:51:57.844,2025-10-20 16:53:17.906,65.864,160.124
T17,2025-10-21 16:57:06.326,2025-10-21 16:58:33.494,2025-10-21 17:00:00.662,78.936,174.336
T18,2025-10-16 05:37:44.095,2025-10-16 05:39:06.888,2025-10-16 05:40:29.681,69.086,165.586
T18,2025-10-17 05:44:18.051,2025-10-17 05:45:46.126,2025-10-17 05:47:14.202,82.188,176.151
T18,2025-10-18 05:50:56.149,2025-10-18 05:52:24.411,2025-10-18 05:53:52.672,83.781,176.523
T18,2025-10-18 16:38:53.352,2025-10-18 16:39:48.543,2025-10-18 16:40:43.734,51.388,110.382
T18,2025-10-19 05:57:38.243,2025-10-19 05:59:01.740,2025-10-19 06:00:25.237,70.611,166.994
T18,2025-10-19 16:45:10.953,2025-10-19 16:46:24.920,2025-10-19 16:47:38.887,60.187,147.934
T18,2025-10-20 06:04:25.169,2025-10-20 06:05:38.104,2025-10-20 06:06:51.040,59.559,145.871
T18,2025-10-20 16:51:36.963,2025-10-20 16:53:01.052,2025-10-20 16:54:25.141,71.358,168.178
T18,2025-10-21 06:11:20.117,2025-10-21 06:12:13.513,2025-10-21 06:13:06.909,50.905,106.792
T18,2025-10-21 16:58:08.406,2025-10-21 16:59:36.924,2025-10-21 17:01:05.442,84.551,177.036
T19,2025-10-15 10:30:15.246,2025-10-15 10:31:24.504,2025-10-15 10:32:33.763,57.343,138.517
T19,2025-10-15 22:34:00.664,2025-10-15 22:34:55.259,2025-10-15 22:35:49.854,51.222,109.19
T19,2025-10-16 10:37:28.175,2025-10-16 10:38:03.165,2025-10-16 10:38:38.155,47.211,69.98
T2,2025-10-15 14:48:48.813,2025-10-15 14:50:17.847,2025-10-15 14:51:46.880,81.340,178.067
T2,2025-10-16 05:30:04.484,2025-10-16 05:31:24.286,2025-10-16 05:32:44.088,64.531,159.604
T2,2025-10-16 14:55:27.669,2025-10-16 14:56:57.682,2025-10-16 14:58:27.696,88.694,180.027
T2,2025-10-17 05:36:49.427,2025-10-17 05:38:02.751,2025-10-17 05:39:16.074,59.211,146.647
T2,2025-10-17 15:02:07.575,2025-10-17 15:03:37.192,2025-10-17 15:05:06.809,83.841,179.234
T2,2025-10-18 05:43:35.686,2025-10-18 05:44:40.346,2025-10-18 05:45:45.006,54.579,129.32
T2,2025-10-18 15:08:48.585,2025-10-18 15:10:16.377,2025-10-18 15:11:44.168,76.561,175.583
T2,2025-10-19 04:15:20.146,2025-10-19 04:15:44.333,2025-10-19 04:16:08.519,45.955,48.373
T2,2025-10-19 05:50:24.229,2025-10-19 05:51:17.067,2025-10-19 05:52:09.906,50.581,105.677
T2,2025-10-19 15:15:30.832,2025-10-19 15:16:55.240,2025-10-19 15:18:19.649,69.714,168.817
T2,2025-10-20 04:21:34.425,2025-10-20 04:22:24.249,2025-10-20 04:23:14.072,49.711,99.647
T2,2025-10-20 05:57:17.974,2025-10-20 05:57:52.921,2025-10-20 05:58:27.869,47.144,69.895
T2,2025-10-20 15:22:14.546,2025-10-20 15:23:33.778,2025-10-20 15:24:53.010,63.472,158.464
T2,2025-10-21 04:27:59.298,2025-10-21 04:29:03.258,2025-10-21 04:30:07.217,54.065,127.919
T2,2025-10-21 15:29:00.155,2025-10-21 15:30:11.994,2025-10-21 15:31:23.833,57.918,143.678
T2,2025-10-22 04:34:27.763,2025-10-22 04:35:41.360,2025-10-22 04:36:54.958,59.075,147.195
T20,2025-10-15 16:13:06.334,2025-10-15 16:13:51.955,2025-10-15 16:14:37.577,49.038,91.243
T20,2025-10-16 16:19:17.684,2025-10-16 16:20:30.153,2025-10-16 16:21:42.622,59.349,144.938
T20,2025-10-17 16:25:43.315,2025-10-17 16:27:07.963,2025-10-17 16:28:32.610,73.166,169.295
T20,2025-10-18 16:32:16.923,2025-10-18 16:33:45.364,2025-10-18 16:35:13.804,89.704,176.881
T20,2025-10-19 04:28:27.763,2025-10-19 04:28:44.133,2025-10-19 04:29:00.503,45.449,32.74
T20,2025-10-19 16:38:57.384,2025-10-19 16:40:22.354,2025-10-19 16:41:47.324,73.671,169.94
T20,2025-10-20 04:34:17.890,2025-10-20 04:35:21.244,2025-10-20 04:36:24.598,54.404,126.708
T20,2025-10-20 16:45:45.750,2025-10-20 16:46:58.916,2025-10-20 16:48:12.082,59.738,146.332
T20,2025-10-21 04:40:37.147,2025-10-21 04:41:57.577,2025-10-21 04:43:18.007,66.695,160.86
T20,2025-10-21 16:52:48.001,2025-10-21 16:53:35.049,2025-10-21 16:54:22.097,49.314,94.096
T20,2025-10-22 04:47:05.629,2025-10-22 04:48:33.123,2025-10-22 04:50:00.616,82.265,174.987
T21,2025-10-17 01:11:17.442,2025-10-17 01:12:16.222,2025-10-17 01:13:15.003,52.429,117.561
T21,2025-10-18 01:17:35.306,2025-10-18 01:18:53.615,2025-10-18 01:20:11.924,63.482,156.618
T21,2025-10-19 01:24:03.317,2025-10-19 01:25:30.656,2025-10-19 01:26:57.994,77.761,174.677
T21,2025-10-20 01:30:38.231,2025-10-20 01:32:07.335,2025-10-20 01:33:36.440,85.968,178.209
T21,2025-10-21 01:37:19.615,2025-10-21 01:38:43.646,2025-10-21 01:40:07.677,70.385,168.062
T21,2025-10-21 13:30:47.757,2025-10-21 13:31:19.171,2025-10-21 13:31:50.586,46.692,62.829
T21,2025-10-22 01:44:08.975,2025-10-22 01:45:19.573,2025-10-22 01:46:30.170,57.622,141.195
T22,2025-10-15 18:38:31.762,2025-10-15 18:39:56.019,2025-10-15 18:41:20.276,70.537,168.514
T22,2025-10-16 18:45:24.171,2025-10-16 18:46:35.215,2025-10-16 18:47:46.260,57.816,142.089
T22,2025-10-17 06:37:14.741,2025-10-17 06:38:09.604,2025-10-17 06:39:04.466,51.082,109.725
T22,2025-10-17 18:52:31.650,2025-10-17 18:53:14.054,2025-10-17 18:53:56.459,48.289,84.809
T22,2025-10-18 06:43:31.455,2025-10-18 06:44:48.077,2025-10-18 06:46:04.700,61.577,153.245
T22,2025-10-19 06:49:58.888,2025-10-19 06:51:25.703,2025-10-19 06:52:52.518,75.223,173.63
T22,2025-10-20 06:56:32.863,2025-10-20 06:58:02.473,2025-10-20 06:59:32.083,88.928,179.22
T22,2025-10-21 07:03:12.540,2025-10-21 07:04:38.382,2025-10-21 07:06:04.224,73.319,171.684
T22,2025-10-22 07:09:58.788,2025-10-22 07:11:13.419,2025-10-22 07:12:28.049,60.197,149.261
T23,2025-10-19 10:12:00.361,2025-10-19 10:12:57.455,2025-10-19 10:13:54.549,52.050,114.188
T23,2025-10-20 10:18:15.654,2025-10-20 10:19:33.562,2025-10-20 10:20:51.469,63.819,155.815
T23,2025-10-20 22:17:49.353,2025-10-20 22:18:16.827,2025-10-20 22:18:44.301,46.315,54.948
T23,2025-10-21 10:24:42.263,2025-10-21 10:26:09.188,2025-10-21 10:27:36.113,79.196,173.85
T23,2025-10-21 22:23:46.044,2025-10-21 22:24:52.527,2025-10-21 22:25:59.010,55.877,132.966
T24,2025-10-15 14:16:44.372,2025-10-15 14:17:24.830,2025-10-15 14:18:05.288,47.803,80.916
T24,2025-10-15 23:37:34.971,2025-10-15 23:38:35.287,2025-10-15 23:39:35.604,52.398,120.633
T24,2025-10-16 23:43:59.830,2025-10-16 23:45:13.394,2025-10-16 23:46:26.959,58.309,147.129
T24,2025-10-17 23:50:28.843,2025-10-17 23:51:51.237,2025-10-17 23:53:13.632,65.358,164.789
T24,2025-10-18 13:01:19.346,2025-10-18 13:01:55.225,2025-10-18 13:02:31.104,47.102,71.758
T24,2025-10-18 23:57:00.722,2025-10-18 23:58:28.811,2025-10-18 23:59:56.900,73.548,176.178
T24,2025-10-19 13:07:34.574,2025-10-19 13:08:35.014,2025-10-19 13:09:35.453,52.252,120.879
T24,2025-10-20 00:03:34.938,2025-10-20 00:05:06.112,2025-10-20 00:06:37.285,82.681,182.347
T24,2025-10-20 13:13:59.455,2025-10-20 13:15:13.841,2025-10-20 13:16:28.227,58.461,148.772
T24,2025-10-21 00:10:11.278,2025-10-21 00:11:43.146,2025-10-21 00:13:15.014,87.685,183.736
T24,2025-10-21 13:20:28.406,2025-10-21 13:21:51.717,2025-10-21 13:23:15.028,65.818,166.622
T24,2025-10-22 00:16:49.735,2025-10-22 00:18:19.909,2025-10-22 00:19:50.083,78.153,180.348
T25,2025-10-15 12:22:30.810,2025-10-15 12:24:02.058,2025-10-15 12:25:33.307,81.949,182.497
T25,2025-10-16 01:31:41.232,2025-10-16 01:32:25.779,2025-10-16 01:33:10.325,48.393,89.093
T25,2025-10-16 12:29:09.701,2025-10-16 12:30:41.849,2025-10-16 12:32:13.997,89.267,184.296
T25,2025-10-17 01:38:03.427,2025-10-17 01:39:07.161,2025-10-17 01:40:10.896,53.325,127.469
T25,2025-10-17 12:35:50.300,2025-10-17 12:37:21.356,2025-10-17 12:38:52.411,80.473,182.111
T25,2025-10-18 01:44:31.893,2025-10-18 01:45:47.594,2025-10-18 01:47:03.294,59.164,151.401
T25,2025-10-18 12:42:32.727,2025-10-18 12:44:00.583,2025-10-18 12:45:28.439,72.127,175.712
T25,2025-10-19 01:51:03.429,2025-10-19 01:52:27.091,2025-10-19 01:53:50.753,65.963,167.324
T25,2025-10-19 12:49:17.270,2025-10-19 12:50:39.524,2025-10-19 12:52:01.778,64.569,164.508
T25,2025-10-20 01:57:36.889,2025-10-20 01:59:05.647,2025-10-20 02:00:34.405,73.674,177.516
T25,2025-10-20 12:56:04.526,2025-10-20 12:57:18.186,2025-10-20 12:58:31.847,57.965,147.321
T25,2025-10-21 02:04:11.742,2025-10-21 02:05:43.273,2025-10-21 02:07:14.804,82.092,183.062
T25,2025-10-21 13:02:55.802,2025-10-21 13:03:56.571,2025-10-21 13:04:57.340,52.331,121.538
T25,2025-10-22 02:10:47.721,2025-10-22 02:12:19.970,2025-10-22 02:13:52.218,89.152,184.497
T26,2025-10-15 10:50:30.803,2025-10-15 10:51:46.756,2025-10-15 10:53:02.708,59.307,151.905
T26,2025-10-15 12:26:05.611,2025-10-15 12:27:19.741,2025-10-15 12:28:33.871,57.855,148.26
T26,2025-10-16 03:03:11.578,2025-10-16 03:04:43.003,2025-10-16 03:06:14.428,79.416,182.85
T26,2025-10-16 10:57:05.344,2025-10-16 10:58:25.693,2025-10-16 10:59:46.041,62.576,160.697
T26,2025-10-16 12:32:54.659,2025-10-16 12:34:01.611,2025-10-16 12:35:08.562,54.374,133.903
T26,2025-10-17 01:35:18.299,2025-10-17 01:35:36.910,2025-10-17 01:35:55.520,45.517,37.221
T26,2025-10-17 03:09:52.598,2025-10-17 03:11:22.332,2025-10-17 03:12:52.065,74.864,179.467
T26,2025-10-17 11:03:40.193,2025-10-17 11:05:04.213,2025-10-17 11:06:28.233,66.162,168.04
T26,2025-10-17 12:39:45.476,2025-10-17 12:40:43.096,2025-10-17 12:41:40.716,51.219,115.24
T26,2025-10-18 01:41:35.687,2025-10-18 01:42:18.562,2025-10-18 01:43:01.436,48.046,85.749
T26,2025-10-18 03:16:33.421,2025-10-18 03:18:00.856,2025-10-18 03:19:28.290,70.604,174.869
T26,2025-10-18 11:10:15.289,2025-10-18 11:11:42.315,2025-10-18 11:13:09.341,70.068,174.052
T26,2025-10-18 12:46:39.413,2025-10-18 12:47:24.198,2025-10-18 12:48:08.984,48.373,89.571
T26,2025-10-19 01:48:03.056,2025-10-19 01:48:59.373,2025-10-19 01:49:55.691,50.852,112.635
T26,2025-10-19 03:23:14.064,2025-10-19 03:24:38.580,2025-10-19 03:26:03.095,66.662,169.031
T26,2025-10-19 11:16:50.602,2025-10-19 11:18:20.003,2025-10-19 11:19:49.405,74.283,178.803
T26,2025-10-19 12:53:41.727,2025-10-19 12:54:04.923,2025-10-19 12:54:28.119,45.814,46.392
T26,2025-10-20 01:54:33.390,2025-10-20 01:55:39.343,2025-10-20 01:56:45.295,53.953,131.905
T26,2025-10-20 03:29:54.555,2025-10-20 03:31:15.504,2025-10-20 03:32:36.454,63.049,161.899
T26,2025-10-20 11:23:26.113,2025-10-20 11:24:57.279,2025-10-20 11:26:28.445,78.778,182.332
T26,2025-10-21 02:01:05.151,2025-10-21 02:02:18.474,2025-10-21 02:03:31.797,57.365,146.646
T26,2025-10-21 03:36:34.950,2025-10-21 03:37:51.640,2025-10-21 03:39:08.330,59.761,153.38
T26,2025-10-21 11:30:01.818,2025-10-21 11:31:34.147,2025-10-21 11:33:06.476,83.507,184.658
T26,2025-10-22 02:07:37.691,2025-10-22 02:08:56.776,2025-10-22 02:10:15.860,61.095,158.169
T26,2025-10-22 03:43:15.330,2025-10-22 03:44:26.991,2025-10-22 03:45:38.652,56.783,143.322
T27,2025-10-15 11:04:00.040,2025-10-15 11:05:22.744,2025-10-15 11:06:45.449,65.195,165.409
T27,2025-10-15 21:59:57.784,2025-10-15 22:01:28.949,2025-10-15 22:03:00.115,82.347,182.331
T27,2025-10-16 11:10:34.789,2025-10-16 11:12:03.348,2025-10-16 11:13:31.908,73.829,177.119
T27,2025-10-16 22:06:41.005,2025-10-16 22:08:08.959,2025-10-16 22:09:36.913,72.870,175.908
T27,2025-10-17 11:17:11.513,2025-10-17 11:18:42.999,2025-10-17 11:20:14.485,83.361,182.972
T27,2025-10-17 22:13:26.936,2025-10-17 22:14:48.704,2025-10-17 22:16:10.472,64.360,163.536
T27,2025-10-18 11:23:49.864,2025-10-18 11:25:21.697,2025-10-18 11:26:53.529,86.742,183.665
T27,2025-10-18 22:20:16.400,2025-10-18 22:21:28.192,2025-10-18 22:22:39.985,57.056,143.585
T27,2025-10-19 11:30:29.742,2025-10-19 11:31:59.444,2025-10-19 11:33:29.145,77.138,179.403
T27,2025-10-19 22:27:11.461,2025-10-19 22:28:07.425,2025-10-19 22:29:03.390,50.963,111.929
T27,2025-10-20 11:37:11.258,2025-10-20 11:38:36.247,2025-10-20 11:40:01.237,68.382,169.979
T27,2025-10-20 22:34:21.643,2025-10-20 22:34:46.397,2025-10-20 22:35:11.151,45.958,49.508
T27,2025-10-21 11:43:54.791,2025-10-21 11:45:12.101,2025-10-21 11:46:29.410,60.776,154.619
T28,2025-10-15 20:16:35.884,2025-10-15 20:17:42.831,2025-10-15 20:18:49.779,55.475,133.895
T28,2025-10-16 20:23:49.139,2025-10-16 20:24:22.578,2025-10-16 20:24:56.016,46.918,66.877
T28,2025-10-17 08:12:15.356,2025-10-17 08:13:10.877,2025-10-17 08:14:06.397,51.197,111.041
T28,2025-10-18 08:18:33.111,2025-10-18 08:19:49.578,2025-10-18 08:21:06.046,61.183,152.935
T28,2025-10-19 08:25:00.720,2025-10-19 08:26:27.387,2025-10-19 08:27:54.054,74.045,173.334
T28,2025-10-20 08:31:34.313,2025-10-20 08:33:04.295,2025-10-20 08:34:34.278,89.039,179.965
T28,2025-10-21 08:38:12.987,2025-10-21 08:39:40.299,2025-10-21 08:41:07.611,75.878,174.624
T29,2025-10-15 18:27:25.222,2025-10-15 18:28:21.551,2025-10-15 18:29:17.879,51.774,112.657
T29,2025-10-16 06:42:04.093,2025-10-16 06:42:51.967,2025-10-16 06:43:39.841,49.477,95.748
T29,2025-10-16 18:33:43.950,2025-10-16 18:35:00.842,2025-10-16 18:36:17.733,62.808,153.783
T29,2025-10-17 18:40:13.056,2025-10-17 18:41:39.292,2025-10-17 18:43:05.528,77.117,172.472
T29,2025-10-18 18:46:48.762,2025-10-18 18:48:16.896,2025-10-18 18:49:45.030,86.518,176.268
T29,2025-10-19 18:53:30.440,2025-10-19 18:54:53.649,2025-10-19 18:56:16.857,70.815,166.417
T29,2025-10-20 19:00:19.392,2025-10-20 19:01:29.535,2025-10-20 19:02:39.677,57.956,140.285
T29,2025-10-21 19:07:22.481,2025-10-21 19:08:04.559,2025-10-21 19:08:46.637,48.366,84.156
T3,2025-10-15 08:32:49.528,2025-10-15 08:34:19.540,2025-10-15 08:35:49.552,85.225,180.024
T3,2025-10-15 10:08:42.980,2025-10-15 10:09:37.329,2025-10-15 10:10:31.679,50.923,108.699
T3,2025-10-15 14:53:20.645,2025-10-15 14:54:31.064,2025-10-15 14:55:41.483,57.235,140.838
T3,2025-10-15 16:28:27.503,2025-10-15 16:29:56.572,2025-10-15 16:31:25.641,79.436,178.138
T3,2025-10-16 07:04:20.658,2025-10-16 07:05:14.060,2025-10-16 07:06:07.461,50.518,106.803
T3,2025-10-16 08:39:30.305,2025-10-16 08:40:59.680,2025-10-16 08:42:29.054,81.676,178.749
T3,2025-10-16 10:15:26.156,2025-10-16 10:16:15.673,2025-10-16 10:17:05.191,49.705,99.035
T3,2025-10-16 14:59:56.263,2025-10-16 15:01:09.826,2025-10-16 15:02:23.388,59.144,147.125
T3,2025-10-16 16:35:09.477,2025-10-16 16:36:37.308,2025-10-16 16:38:05.138,75.708,175.661
T3,2025-10-17 07:10:54.534,2025-10-17 07:11:55.835,2025-10-17 07:12:57.136,52.928,122.602
T3,2025-10-17 08:46:10.633,2025-10-17 08:47:39.066,2025-10-17 08:49:07.499,78.276,176.866
T3,2025-10-17 10:22:09.117,2025-10-17 10:22:53.322,2025-10-17 10:23:37.527,48.598,88.41
T3,2025-10-17 15:06:31.663,2025-10-17 15:07:48.102,2025-10-17 15:09:04.542,61.218,152.879
T3,2025-10-17 16:41:51.453,2025-10-17 16:43:17.599,2025-10-17 16:44:43.745,72.070,172.292
T3,2025-10-18 07:17:29.210,2025-10-18 07:18:36.816,2025-10-18 07:19:44.423,55.521,135.213
T3,2025-10-18 08:52:50.502,2025-10-18 08:54:17.703,2025-10-18 08:55:44.905,75.046,174.403
T3,2025-10-18 10:28:52.025,2025-10-18 10:29:30.275,2025-10-18 10:30:08.526,47.591,76.501
T3,2025-10-18 15:13:06.842,2025-10-18 15:14:25.893,2025-10-18 15:15:44.943,63.465,158.101
T3,2025-10-18 16:48:33.475,2025-10-18 16:49:57.445,2025-10-18 16:51:21.415,68.557,167.94
T3,2025-10-19 07:24:04.267,2025-10-19 07:25:17.010,2025-10-19 07:26:29.753,58.300,145.486
T3,2025-10-19 08:59:29.904,2025-10-19 09:00:55.593,2025-10-19 09:02:21.282,72.001,171.378
T3,2025-10-19 10:35:35.200,2025-10-19 10:36:06.544,2025-10-19 10:36:37.889,46.678,62.689
T3,2025-10-19 15:19:41.803,2025-10-19 15:21:03.201,2025-10-19 15:22:24.600,65.892,162.797
T3,2025-10-19 16:55:15.596,2025-10-19 16:56:36.847,2025-10-19 16:57:58.097,65.195,162.501
T3,2025-10-20 07:30:39.454,2025-10-20 07:31:56.420,2025-10-20 07:33:13.387,61.263,153.933
T3,2025-10-20 09:06:08.834,2025-10-20 09:07:32.740,2025-10-20 09:08:56.646,69.147,167.812
T3,2025-10-20 10:42:19.424,2025-10-20 10:42:42.129,2025-10-20 10:43:04.835,45.852,45.411
T3,2025-10-20 13:52:10.747,2025-10-20 13:52:31.008,2025-10-20 13:52:51.269,45.673,40.522
T3,2025-10-20 15:26:16.545,2025-10-20 15:27:40.031,2025-10-20 15:29:03.516,68.504,166.971
T3,2025-10-20 17:01:57.894,2025-10-20 17:03:15.806,2025-10-20 17:04:33.718,62.005,155.824
T3,2025-10-21 07:37:14.612,2025-10-21 07:38:35.050,2025-10-21 07:39:55.487,64.405,160.875
T3,2025-10-21 09:12:47.289,2025-10-21 09:14:09.149,2025-10-21 09:15:31.009,66.487,163.72
T3,2025-10-21 10:49:08.950,2025-10-21 10:49:17.035,2025-10-21 10:49:25.119,45.105,16.169
T3,2025-10-21 13:58:36.406,2025-10-21 13:59:05.890,2025-10-21 13:59:35.373,46.473,58.967
T3,2025-10-21 15:32:51.077,2025-10-21 15:34:16.381,2025-10-21 15:35:41.685,71.303,170.608
T3,2025-10-21 17:08:40.465,2025-10-21 17:09:54.327,2025-10-21 17:11:08.189,58.999,147.724
T3,2025-10-22 07:43:49.635,2025-10-22 07:45:12.901,2025-10-22 07:46:36.167,67.712,166.532
T30,2025-10-15 10:09:05.818,2025-10-15 10:10:08.573,2025-10-15 10:11:11.327,53.428,125.509
T30,2025-10-15 11:44:28.180,2025-10-15 11:45:58.168,2025-10-15 11:47:28.155,83.590,179.975
T30,2025-10-15 13:20:02.802,2025-10-15 13:21:28.989,2025-10-15 13:22:55.175,72.664,172.373
T30,2025-10-15 14:55:28.345,2025-10-15 14:56:50.117,2025-10-15 14:58:11.890,66.200,163.545
T30,2025-10-15 16:30:44.648,2025-10-15 16:32:12.159,2025-10-15 16:33:39.670,75.431,175.022
T30,2025-10-15 18:06:16.782,2025-10-15 18:07:45.569,2025-10-15 18:09:14.357,78.202,177.575
T30,2025-10-15 19:42:49.974,2025-10-15 19:43:39.061,2025-10-15 19:44:28.147,49.467,98.173
T30,2025-10-16 10:15:43.774,2025-10-16 10:16:50.777,2025-10-16 10:17:57.780,55.196,134.006
T30,2025-10-16 11:51:08.533,2025-10-16 11:52:38.777,2025-10-16 11:54:09.021,85.752,180.488
T30,2025-10-16 13:26:42.929,2025-10-16 13:28:08.560,2025-10-16 13:29:34.192,71.675,171.263
T30,2025-10-16 15:02:07.494,2025-10-16 15:03:29.360,2025-10-16 15:04:51.227,66.323,163.733
T30,2025-10-16 16:37:23.816,2025-10-16 16:38:51.828,2025-10-16 16:40:19.841,76.726,176.025
T30,2025-10-16 18:12:58.352,2025-10-16 18:14:26.349,2025-10-16 18:15:54.346,75.945,175.994
T30,2025-10-16 19:49:40.319,2025-10-16 19:50:21.460,2025-10-16 19:51:02.602,47.960,82.283
T30,2025-10-17 10:22:21.579,2025-10-17 10:23:32.248,2025-10-17 10:24:42.916,57.036,141.337
T30,2025-10-17 11:57:48.310,2025-10-17 11:59:18.688,2025-10-17 12:00:49.066,87.860,180.756
T30,2025-10-17 13:33:22.393,2025-10-17 13:34:47.480,2025-10-17 13:36:12.567,70.773,170.174
T30,2025-10-17 15:08:45.983,2025-10-17 15:10:08.005,2025-10-17 15:11:30.028,66.519,164.045
T30,2025-10-17 16:44:02.462,2025-10-17 16:45:30.952,2025-10-17 16:46:59.441,78.110,176.979
T30,2025-10-17 18:19:39.593,2025-10-17 18:21:06.621,2025-10-17 18:22:33.649,73.690,174.056
T30,2025-10-17 19:56:32.925,2025-10-17 19:57:03.381,2025-10-17 19:57:33.837,46.531,60.912
T30,2025-10-18 10:28:59.135,2025-10-18 10:30:12.990,2025-10-18 10:31:26.844,58.946,147.709
T30,2025-10-18 12:04:27.501,2025-10-18 12:05:57.903,2025-10-18 12:07:28.305,89.905,180.804
T30,2025-10-18 13:40:01.192,2025-10-18 13:41:25.753,2025-10-18 13:42:50.314,69.957,169.122
T30,2025-10-18 15:15:23.818,2025-10-18 15:16:46.055,2025-10-18 15:18:08.292,66.789,164.474
T30,2025-10-18 16:50:40.599,2025-10-18 16:52:09.530,2025-10-18 16:53:38.461,79.585,177.862
T30,2025-10-18 18:26:20.522,2025-10-18 18:27:46.389,2025-10-18 18:29:12.255,71.447,171.733
T30,2025-10-18 20:03:34.131,2025-10-18 20:03:44.819,2025-10-18 20:03:55.507,45.178,21.376
T30,2025-10-19 10:35:36.374,2025-10-19 10:36:53.002,2025-10-19 10:38:09.629,60.922,153.255
T30,2025-10-19 12:11:06.099,2025-10-19 12:12:36.426,2025-10-19 12:14:06.753,88.121,180.654
T30,2025-10-19 13:46:39.320,2025-10-19 13:48:03.381,2025-10-19 13:49:27.441,69.226,168.121
T30,2025-10-19 15:22:01.007,2025-10-19 15:23:23.514,2025-10-19 15:24:46.020,67.132,165.013
T30,2025-10-19 16:57:18.237,2025-10-19 16:58:47.566,2025-10-19 17:00:16.895,81.149,178.658
T30,2025-10-19 18:33:01.158,2025-10-19 18:34:25.650,2025-10-19 18:35:50.143,69.228,168.985
T30,2025-10-20 10:42:13.246,2025-10-20 10:43:32.288,2025-10-20 10:44:51.330,62.959,158.084
T30,2025-10-20 12:17:44.096,2025-10-20 12:19:14.259,2025-10-20 12:20:44.422,86.223,180.326
T30,2025-10-20 13:53:16.777,2025-10-20 13:54:40.368,2025-10-20 13:56:03.959,68.576,167.182
T30,2025-10-20 15:28:37.557,2025-10-20 15:30:00.385,2025-10-20 15:31:23.212,67.550,165.655
T30,2025-10-20 17:03:55.389,2025-10-20 17:05:25.063,2025-10-20 17:06:54.737,82.799,179.348
T30,2025-10-20 18:39:41.522,2025-10-20 18:41:04.410,2025-10-20 18:42:27.297,67.045,165.775
T30,2025-10-21 10:48:49.711,2025-10-21 10:50:10.849,2025-10-21 10:51:31.988,65.049,162.277
T30,2025-10-21 12:24:21.486,2025-10-21 12:25:51.406,2025-10-21 12:27:21.326,84.408,179.84
T30,2025-10-21 13:59:53.559,2025-10-21 14:01:16.718,2025-10-21 14:02:39.877,68.005,166.318
T30,2025-10-21 15:35:13.476,2025-10-21 15:36:36.671,2025-10-21 15:37:59.866,68.044,166.39
T30,2025-10-21 17:10:32.064,2025-10-21 17:12:02.022,2025-10-21 17:13:31.980,84.535,179.916
T30,2025-10-21 18:46:21.637,2025-10-21 18:47:42.666,2025-10-21 18:49:03.696,64.905,162.059
T32,2025-10-16 07:33:13.897,2025-10-16 07:34:43.962,2025-10-16 07:36:14.026,86.241,180.129
T32,2025-10-17 07:39:53.892,2025-10-17 07:41:22.765,2025-10-17 07:42:51.638,79.385,177.746
T32,2025-10-18 07:46:39.209,2025-10-18 07:48:01.300,2025-10-18 07:49:23.390,66.370,164.181
T32,2025-10-19 07:53:31.579,2025-10-19 07:54:39.555,2025-10-19 07:55:47.530,55.784,135.951
T32,2025-10-20 08:00:38.407,2025-10-20 08:01:17.531,2025-10-20 08:01:56.654,47.674,78.247
T32,2025-10-21 19:52:49.763,2025-10-21 19:53:28.036,2025-10-21 19:54:06.309,47.535,76.546
T33,2025-10-15 08:31:30.763,2025-10-15 08:32:33.384,2025-10-15 08:33:36.005,53.360,125.242
T33,2025-10-15 10:07:06.264,2025-10-15 10:08:29.237,2025-10-15 10:09:52.210,67.039,165.946
T33,2025-10-15 11:42:48.329,2025-10-15 11:44:16.152,2025-10-15 11:45:43.975,75.379,175.646
T33,2025-10-15 13:18:33.673,2025-10-15 13:20:00.732,2025-10-15 13:21:27.790,73.615,174.117
T33,2025-10-15 14:54:31.016,2025-10-15 14:55:49.922,2025-10-15 14:57:08.828,62.723,157.812
T33,2025-10-15 16:31:03.345,2025-10-15 16:31:49.983,2025-10-15 16:32:36.621,48.949,93.276
T33,2025-10-16 08:38:10.661,2025-10-16 08:39:15.716,2025-10-16 08:40:20.771,54.326,130.11
T33,2025-10-16 10:13:47.108,2025-10-16 10:15:10.714,2025-10-16 10:16:34.320,67.878,167.212
T33,2025-10-16 11:49:29.301,2025-10-16 11:50:57.202,2025-10-16 11:52:25.102,75.604,175.801
T33,2025-10-16 13:25:15.041,2025-10-16 13:26:41.841,2025-10-16 13:28:08.640,73.101,173.599
T33,2025-10-16 15:01:13.786,2025-10-16 15:02:31.560,2025-10-16 15:03:49.334,61.759,155.548
T33,2025-10-16 16:37:50.753,2025-10-16 16:38:32.538,2025-10-16 16:39:14.323,48.062,83.57
T33,2025-10-17 08:44:50.104,2025-10-17 08:45:57.370,2025-10-17 08:47:04.635,55.298,134.531
T33,2025-10-17 10:20:27.362,2025-10-17 10:21:51.539,2025-10-17 10:23:15.717,68.686,168.355
T33,2025-10-17 11:56:09.677,2025-10-17 11:57:37.633,2025-10-17 11:59:05.589,75.776,175.912
T33,2025-10-17 13:31:55.858,2025-10-17 13:33:22.367,2025-10-17 13:34:48.876,72.543,173.018
T33,2025-10-17 15:07:56.105,2025-10-17 15:09:12.644,2025-10-17 15:10:29.183,60.786,153.078
T33,2025-10-17 16:44:38.558,2025-10-17 16:45:14.560,2025-10-17 16:45:50.563,47.196,72.005
T33,2025-10-18 08:51:29.073,2025-10-18 08:52:38.345,2025-10-18 08:53:47.618,56.276,138.545
T33,2025-10-18 10:27:07.024,2025-10-18 10:28:31.715,2025-10-18 10:29:56.406,69.460,169.382
T33,2025-10-18 12:02:49.458,2025-10-18 12:04:17.448,2025-10-18 12:05:45.438,75.895,175.98
T33,2025-10-18 13:38:36.128,2025-10-18 13:40:02.309,2025-10-18 13:41:28.489,71.942,172.361
T33,2025-10-18 15:14:37.984,2025-10-18 15:15:53.175,2025-10-18 15:17:08.366,59.806,150.382
T33,2025-10-18 16:51:27.314,2025-10-18 16:51:56.051,2025-10-18 16:52:24.788,46.351,57.474
T33,2025-10-19 08:58:07.545,2025-10-19 08:59:18.643,2025-10-19 09:00:29.740,57.256,142.195
T33,2025-10-19 10:33:46.092,2025-10-19 10:35:11.243,2025-10-19 10:36:36.394,70.199,170.302
T33,2025-10-19 12:09:28.645,2025-10-19 12:10:56.649,2025-10-19 12:12:24.653,75.962,176.008
T33,2025-10-19 13:45:15.857,2025-10-19 13:46:41.670,2025-10-19 13:48:07.483,71.299,171.626
T33,2025-10-19 15:21:19.434,2025-10-19 15:22:33.153,2025-10-19 15:23:46.872,58.822,147.438
T33,2025-10-19 16:58:18.711,2025-10-19 16:58:37.005,2025-10-19 16:58:55.298,45.529,36.587
T33,2025-10-20 07:29:48.234,2025-10-20 07:29:53.836,2025-10-20 07:29:59.437,45.049,11.203
T33,2025-10-20 09:04:45.505,2025-10-20 09:05:58.268,2025-10-20 09:07:11.031,58.236,145.526
T33,2025-10-20 10:40:24.563,2025-10-20 10:41:50.125,2025-10-20 10:43:15.688,70.900,171.125
T33,2025-10-20 12:16:07.241,2025-10-20 12:17:35.239,2025-10-20 12:19:03.236,75.976,175.995
T33,2025-10-20 13:51:55.050,2025-10-20 13:53:20.453,2025-10-20 13:54:45.856,70.618,170.806
T33,2025-10-20 15:28:00.469,2025-10-20 15:29:12.581,2025-10-20 15:30:24.692,57.837,144.223
T33,2025-10-21 07:36:10.834,2025-10-21 07:36:33.854,2025-10-21 07:36:56.874,45.850,46.04
T33,2025-10-21 09:11:22.937,2025-10-21 09:12:37.221,2025-10-21 09:13:51.504,59.214,148.567
T33,2025-10-21 10:47:02.436,2025-10-21 10:48:28.365,2025-10-21 10:49:54.294,71.561,171.858
T33,2025-10-21 12:22:45.247,2025-10-21 12:24:13.219,2025-10-21 12:25:41.190,75.938,175.943
T33,2025-10-21 13:58:33.712,2025-10-21 13:59:58.660,2025-10-21 14:01:23.608,69.899,169.896
T33,2025-10-21 15:34:41.103,2025-10-21 15:35:51.459,2025-10-21 15:37:01.816,56.853,140.713
T33,2025-10-22 07:42:41.458,2025-10-22 07:43:13.182,2025-10-22 07:43:44.907,46.672,63.449
T34,2025-10-15 09:24:01.010,2025-10-15 09:25:32.408,2025-10-15 09:27:03.806,79.498,182.796
T34,2025-10-15 18:50:44.214,2025-10-15 18:52:11.072,2025-10-15 18:53:37.930,70.205,173.716
T34,2025-10-16 09:30:40.318,2025-10-16 09:32:12.903,2025-10-16 09:33:45.487,86.077,185.169
T34,2025-10-16 18:57:20.438,2025-10-16 18:58:50.338,2025-10-16 19:00:20.237,76.019,179.799
T34,2025-10-17 09:37:19.899,2025-10-17 09:38:52.525,2025-10-17 09:40:25.150,87.296,185.251
T34,2025-10-17 19:03:57.444,2025-10-17 19:05:29.252,2025-10-17 19:07:01.060,82.258,183.616
T34,2025-10-18 09:43:59.712,2025-10-18 09:45:31.278,2025-10-18 09:47:02.844,80.827,183.132
T34,2025-10-18 19:10:35.199,2025-10-18 19:12:07.821,2025-10-18 19:13:40.443,88.778,185.244
T34,2025-10-19 09:50:39.754,2025-10-19 09:52:09.169,2025-10-19 09:53:38.585,74.695,178.831
T34,2025-10-19 19:17:13.711,2025-10-19 19:18:46.042,2025-10-19 19:20:18.374,84.609,184.663
T34,2025-10-20 09:57:20.061,2025-10-20 09:58:46.199,2025-10-20 10:00:12.336,69.025,172.275
T34,2025-10-20 19:23:53.022,2025-10-20 19:25:23.918,2025-10-20 19:26:54.814,78.108,181.792
T34,2025-10-21 10:04:00.720,2025-10-21 10:05:22.370,2025-10-21 10:06:44.021,63.890,163.301
T34,2025-10-21 19:30:33.222,2025-10-21 19:32:01.452,2025-10-21 19:33:29.682,71.904,176.46
T35,2025-10-15 17:54:14.124,2025-10-15 17:55:41.084,2025-10-15 17:57:08.044,77.704,173.92
T35,2025-10-16 07:14:55.504,2025-10-16 07:15:15.312,2025-10-16 07:15:35.120,45.664,39.616
T35,2025-10-16 18:00:51.181,2025-10-16 18:02:20.110,2025-10-16 18:03:49.039,88.287,177.858
T35,2025-10-17 18:07:33.005,2025-10-17 18:08:58.878,2025-10-17 18:10:24.751,74.479,171.746
T35,2025-10-18 18:14:20.257,2025-10-18 18:15:37.384,2025-10-18 18:16:54.512,62.472,154.255
T35,2025-10-19 18:21:15.464,2025-10-19 18:22:15.627,2025-10-19 18:23:15.791,52.909,120.327
T35,2025-10-20 18:28:34.262,2025-10-20 18:28:53.601,2025-10-20 18:29:12.941,45.619,38.679
T35,2025-10-22 06:19:33.010,2025-10-22 06:19:39.779,2025-10-22 06:19:46.548,45.074,13.538
T36,2025-10-15 21:41:14.523,2025-10-15 21:41:41.560,2025-10-15 21:42:08.598,46.279,54.075
T36,2025-10-19 08:38:15.253,2025-10-19 08:39:00.639,2025-10-19 08:39:46.025,48.993,90.772
T36,2025-10-20 08:44:24.524,2025-10-20 08:45:36.592,2025-10-20 08:46:48.659,59.094,144.135
T36,2025-10-21 08:50:47.839,2025-10-21 08:52:12.172,2025-10-21 08:53:36.506,72.595,168.667
T37,2025-10-15 22:17:54.150,2025-10-15 22:18:56.327,2025-10-15 22:19:58.504,52.957,124.354
T37,2025-10-16 07:40:12.544,2025-10-16 07:41:30.663,2025-10-16 07:42:48.782,61.311,156.238
T37,2025-10-16 22:24:50.200,2025-10-16 22:25:34.209,2025-10-16 22:26:18.217,48.378,88.017
T37,2025-10-17 07:46:44.107,2025-10-17 07:48:09.093,2025-10-17 07:49:34.078,68.221,169.971
T37,2025-10-18 07:53:17.818,2025-10-18 07:54:47.234,2025-10-18 07:56:16.651,76.072,178.833
T37,2025-10-18 21:02:52.994,2025-10-18 21:03:22.862,2025-10-18 21:03:52.730,46.409,59.736
T37,2025-10-19 07:59:53.378,2025-10-19 08:01:25.091,2025-10-19 08:02:56.803,84.649,183.425
T37,2025-10-19 21:09:06.315,2025-10-19 21:10:02.666,2025-10-19 21:10:59.016,50.998,112.701
T37,2025-10-20 08:06:30.673,2025-10-20 08:08:02.665,2025-10-20 08:09:34.657,86.437,183.984
T37,2025-10-20 21:15:30.535,2025-10-20 21:16:41.521,2025-10-20 21:17:52.507,56.466,141.972
T37,2025-10-21 08:13:09.732,2025-10-21 08:14:39.955,2025-10-21 08:16:10.177,77.669,180.445
T37,2025-10-21 21:21:58.862,2025-10-21 21:23:19.435,2025-10-21 21:24:40.008,62.896,161.146
T38,2025-10-15 10:15:53.196,2025-10-15 10:15:53.976,2025-10-15 10:15:54.757,45.001,1.561
T38,2025-10-15 19:36:24.724,2025-10-15 19:37:40.286,2025-10-15 19:38:55.847,60.906,151.123
T38,2025-10-16 19:42:56.157,2025-10-16 19:44:19.024,2025-10-16 19:45:41.890,68.350,165.733
T38,2025-10-17 08:53:22.401,2025-10-17 08:53:46.179,2025-10-17 08:54:09.958,45.930,47.557
T38,2025-10-17 19:49:30.090,2025-10-17 19:50:57.482,2025-10-17 19:52:24.874,76.873,174.784
T38,2025-10-18 08:59:32.747,2025-10-18 09:00:26.780,2025-10-18 09:01:20.813,50.817,108.066
T38,2025-10-18 19:56:06.157,2025-10-18 19:57:35.668,2025-10-18 19:59:05.179,86.190,179.022
T38,2025-10-19 09:05:57.035,2025-10-19 09:07:06.421,2025-10-19 09:08:15.807,56.719,138.772
T38,2025-10-19 20:02:44.238,2025-10-19 20:04:13.580,2025-10-19 20:05:42.921,84.203,178.683
T38,2025-10-20 09:12:25.992,2025-10-20 09:13:45.117,2025-10-20 09:15:04.241,63.742,158.249
T38,2025-10-20 20:09:24.394,2025-10-20 20:10:51.217,2025-10-20 20:12:18.040,74.910,173.646
T38,2025-10-21 09:18:57.604,2025-10-21 09:20:22.861,2025-10-21 09:21:48.118,71.880,170.514
T38,2025-10-21 20:16:06.892,2025-10-21 20:17:28.582,2025-10-21 20:18:50.272,66.429,163.38
T39,2025-10-18 17:52:43.992,2025-10-18 17:53:37.428,2025-10-18 17:54:30.864,50.384,106.872
T39,2025-10-19 04:44:57.708,2025-10-19 04:45:40.528,2025-10-19 04:46:23.349,48.250,85.641
T39,2025-10-19 17:59:03.949,2025-10-19 18:00:16.362,2025-10-19 18:01:28.774,57.624,144.825
T39,2025-10-20 04:51:10.553,2025-10-20 04:52:16.408,2025-10-20 04:53:22.263,54.645,131.71
T39,2025-10-20 18:05:30.998,2025-10-20 18:06:54.328,2025-10-20 18:08:17.659,66.563,166.661
T39,2025-10-21 04:57:33.037,2025-10-21 04:58:52.046,2025-10-21 05:00:11.056,62.643,158.019
T39,2025-10-21 18:12:02.027,2025-10-21 18:13:31.320,2025-10-21 18:15:00.612,77.118,178.585
T39,2025-10-22 05:04:00.609,2025-10-22 05:05:27.443,2025-10-22 05:06:54.278,72.345,173.669
T4,2025-10-15 13:30:37.559,2025-10-15 13:31:33.979,2025-10-15 13:32:30.398,51.722,112.839
T4,2025-10-16 00:22:58.817,2025-10-16 00:23:58.401,2025-10-16 00:24:57.985,52.578,119.168
T4,2025-10-16 13:37:49.464,2025-10-16 13:38:11.933,2025-10-16 13:38:34.401,45.853,44.937
T4,2025-10-17 00:30:11.426,2025-10-17 00:30:39.254,2025-10-17 00:31:07.081,46.303,55.655
T4,2025-10-21 12:35:16.979,2025-10-21 12:35:57.723,2025-10-21 12:36:38.466,48.007,81.487
T4,2025-10-21 23:27:45.500,2025-10-21 23:28:22.727,2025-10-21 23:28:59.954,47.497,74.454
T40,2025-10-15 17:06:28.210,2025-10-15 17:07:55.240,2025-10-15 17:09:22.270,73.411,174.06
T40,2025-10-16 17:13:16.919,2025-10-16 17:14:35.093,2025-10-16 17:15:53.267,62.081,156.348
T40,2025-10-17 17:20:13.115,2025-10-17 17:21:14.699,2025-10-17 17:22:16.283,52.989,123.168
T40,2025-10-18 17:27:29.431,2025-10-18 17:27:54.045,2025-10-18 17:28:18.658,45.977,49.227
T40,2025-10-21 05:23:22.158,2025-10-21 05:24:06.801,2025-10-21 05:24:51.444,48.556,89.286
T40,2025-10-22 05:29:34.454,2025-10-22 05:30:43.901,2025-10-22 05:31:53.349,56.288,138.895
T41,2025-10-16 02:40:04.250,2025-10-16 02:41:33.492,2025-10-16 02:43:02.735,89.260,178.485
T41,2025-10-17 02:46:45.968,2025-10-17 02:48:12.102,2025-10-17 02:49:38.236,74.507,172.268
T41,2025-10-17 14:40:47.795,2025-10-17 14:41:10.371,2025-10-17 14:41:32.947,45.844,45.152
T41,2025-10-18 02:53:35.136,2025-10-18 02:54:50.328,2025-10-18 02:56:05.519,60.720,150.383
T41,2025-10-18 14:46:43.877,2025-10-18 14:47:48.649,2025-10-18 14:48:53.421,54.619,129.544
T41,2025-10-19 03:00:36.610,2025-10-19 03:01:28.168,2025-10-19 03:02:19.725,50.265,103.115
T41,2025-10-19 14:53:04.661,2025-10-19 14:54:26.108,2025-10-19 14:55:47.555,66.539,162.894
T41,2025-10-20 14:59:34.153,2025-10-20 15:01:02.737,2025-10-20 15:02:31.321,81.550,177.168
T41,2025-10-21 15:06:09.901,2025-10-21 15:07:38.537,2025-10-21 15:09:07.173,82.061,177.272
T42,2025-10-15 18:42:21.265,2025-10-15 18:43:42.560,2025-10-15 18:45:03.854,65.606,162.589
T42,2025-10-16 08:02:56.666,2025-10-16 08:03:49.482,2025-10-16 08:04:42.299,50.442,105.633
T42,2025-10-16 18:48:52.688,2025-10-16 18:50:21.179,2025-10-16 18:51:49.669,78.095,176.981
T42,2025-10-17 18:55:29.200,2025-10-17 18:56:59.542,2025-10-17 18:58:29.884,87.927,180.684
T42,2025-10-18 19:02:10.512,2025-10-18 19:03:37.643,2025-10-18 19:05:04.775,74.194,174.263
T42,2025-10-19 19:08:57.312,2025-10-19 19:10:15.474,2025-10-19 19:11:33.637,62.281,156.325
T42,2025-10-20 19:15:52.187,2025-10-20 19:16:53.039,2025-10-20 19:17:53.891,52.800,121.704
T42,2025-10-21 19:23:11.388,2025-10-21 19:23:30.327,2025-10-21 19:23:49.267,45.573,37.879
T43,2025-10-15 12:33:15.276,2025-10-15 12:34:36.631,2025-10-15 12:35:57.986,62.729,162.71
T43,2025-10-15 14:08:46.260,2025-10-15 14:10:19.461,2025-10-15 14:11:52.661,87.856,186.401
T43,2025-10-15 15:44:18.888,2025-10-15 15:45:46.570,2025-10-15 15:47:14.252,70.594,175.364
T43,2025-10-15 17:19:40.661,2025-10-15 17:21:07.611,2025-10-15 17:22:34.561,69.506,173.9
T43,2025-10-15 18:55:00.426,2025-10-15 18:56:33.209,2025-10-15 18:58:05.992,84.317,185.566
T43,2025-10-15 20:30:47.869,2025-10-15 20:32:13.261,2025-10-15 20:33:38.654,66.897,170.785
T43,2025-10-16 12:39:54.743,2025-10-16 12:41:18.231,2025-10-16 12:42:41.718,64.740,166.975
T43,2025-10-16 14:15:26.603,2025-10-16 14:16:59.649,2025-10-16 14:18:32.695,86.091,186.092
T43,2025-10-16 15:50:58.649,2025-10-16 15:52:25.960,2025-10-16 15:53:53.271,70.024,174.622
T43,2025-10-16 17:26:19.649,2025-10-16 17:27:46.933,2025-10-16 17:29:14.216,69.995,174.567
T43,2025-10-16 19:01:40.186,2025-10-16 19:03:13.197,2025-10-16 19:04:46.209,85.999,186.023
T43,2025-10-16 20:37:30.986,2025-10-16 20:38:54.538,2025-10-16 20:40:18.090,64.840,167.104
T43,2025-10-17 12:46:33.769,2025-10-17 12:47:59.110,2025-10-17 12:49:24.451,66.793,170.682
T43,2025-10-17 14:22:06.332,2025-10-17 14:23:39.155,2025-10-17 14:25:11.979,84.407,185.647
T43,2025-10-17 15:57:37.740,2025-10-17 15:59:04.718,2025-10-17 16:00:31.695,69.532,173.955
T43,2025-10-17 17:32:58.022,2025-10-17 17:34:25.675,2025-10-17 17:35:53.328,70.560,175.306
T43,2025-10-17 19:08:19.483,2025-10-17 19:09:52.653,2025-10-17 19:11:25.823,87.757,186.34
T43,2025-10-17 20:44:13.878,2025-10-17 20:45:35.317,2025-10-17 20:46:56.757,62.831,162.879
T43,2025-10-18 12:53:12.324,2025-10-18 12:54:39.269,2025-10-18 12:56:06.215,68.880,173.891
T43,2025-10-18 14:28:45.443,2025-10-18 14:30:17.983,2025-10-18 14:31:50.524,82.806,185.081
T43,2025-10-18 16:04:16.161,2025-10-18 16:05:42.847,2025-10-18 16:07:09.532,69.116,173.371
T43,2025-10-18 17:39:35.786,2025-10-18 17:41:03.840,2025-10-18 17:42:31.894,71.203,176.108
T43,2025-10-18 19:14:58.327,2025-10-18 19:16:31.578,2025-10-18 19:18:04.830,89.586,186.503
T43,2025-10-18 20:50:56.573,2025-10-18 20:52:15.600,2025-10-18 20:53:34.627,60.876,158.054
T43,2025-10-19 11:24:58.106,2025-10-19 11:25:19.962,2025-10-19 11:25:41.819,45.714,43.713
T43,2025-10-19 12:59:50.390,2025-10-19 13:01:18.713,2025-10-19 13:02:47.036,70.992,176.646
T43,2025-10-19 14:35:23.930,2025-10-19 14:36:56.136,2025-10-19 14:38:28.343,81.291,184.413
T43,2025-10-19 16:10:53.911,2025-10-19 16:12:20.351,2025-10-19 16:13:46.790,68.775,172.879
T43,2025-10-19 17:46:12.952,2025-10-19 17:47:41.433,2025-10-19 17:49:09.913,71.923,176.961
T43,2025-10-19 19:21:36.730,2025-10-19 19:23:09.976,2025-10-19 19:24:43.221,88.520,186.491
T43,2025-10-19 20:57:39.109,2025-10-19 20:58:55.389,2025-10-19 21:00:11.669,58.982,152.56
T43,2025-10-20 11:31:24.572,2025-10-20 11:32:00.422,2025-10-20 11:32:36.271,47.029,71.699
T43,2025-10-20 13:06:27.949,2025-10-20 13:07:57.443,2025-10-20 13:09:26.937,73.120,178.988
T43,2025-10-20 14:42:01.786,2025-10-20 14:43:33.618,2025-10-20 14:45:05.449,79.864,183.663
T43,2025-10-20 16:17:30.991,2025-10-20 16:18:57.232,2025-10-20 16:20:23.474,68.507,172.483
T43,2025-10-20 17:52:49.528,2025-10-20 17:54:18.455,2025-10-20 17:55:47.381,72.723,177.853
T43,2025-10-20 19:28:14.704,2025-10-20 19:29:47.848,2025-10-20 19:31:20.991,86.568,186.287
T43,2025-10-20 21:04:21.532,2025-10-20 21:05:34.684,2025-10-20 21:06:47.835,57.153,146.303
T43,2025-10-21 11:37:54.938,2025-10-21 11:38:40.142,2025-10-21 11:39:25.345,48.412,90.407
T43,2025-10-21 13:13:04.985,2025-10-21 13:14:35.461,2025-10-21 13:16:05.936,75.253,180.951
T43,2025-10-21 14:48:39.008,2025-10-21 14:50:10.430,2025-10-21 14:51:41.852,78.524,182.844
T43,2025-10-21 16:24:07.402,2025-10-21 16:25:33.496,2025-10-21 16:26:59.591,68.313,172.189
T43,2025-10-21 17:59:25.525,2025-10-21 18:00:54.910,2025-10-21 18:02:24.295,73.602,178.77
T43,2025-10-21 19:34:52.261,2025-10-21 19:36:25.196,2025-10-21 19:37:58.131,84.565,185.87
T43,2025-10-21 21:11:03.904,2025-10-21 21:12:13.489,2025-10-21 21:13:23.074,55.392,139.17
T44,2025-10-15 15:30:29.189,2025-10-15 15:31:20.175,2025-10-15 15:32:11.161,50.001,101.972
T44,2025-10-16 04:49:19.718,2025-10-16 04:50:46.205,2025-10-16 04:52:12.691,72.649,172.973
T44,2025-10-16 15:36:45.829,2025-10-16 15:37:58.280,2025-10-16 15:39:10.732,58.297,144.903
T44,2025-10-17 04:56:07.491,2025-10-17 04:57:24.456,2025-10-17 04:58:41.420,61.322,153.929
T44,2025-10-17 15:43:12.121,2025-10-17 15:44:36.146,2025-10-17 15:46:00.170,68.913,168.049
T44,2025-10-18 05:03:02.316,2025-10-18 05:04:01.749,2025-10-18 05:05:01.182,52.360,118.866
T44,2025-10-18 15:49:44.188,2025-10-18 15:51:13.754,2025-10-18 15:52:43.321,81.668,179.133
T44,2025-10-19 05:10:20.136,2025-10-19 05:10:38.075,2025-10-19 05:10:56.013,45.517,35.877
T44,2025-10-19 15:56:20.963,2025-10-19 15:57:51.110,2025-10-19 15:59:21.257,84.526,180.294
T44,2025-10-20 16:03:02.404,2025-10-20 16:04:28.207,2025-10-20 16:05:54.011,71.375,171.607
T44,2025-10-21 16:09:49.422,2025-10-21 16:11:05.036,2025-10-21 16:12:20.651,60.190,151.229
T45,2025-10-15 20:02:57.466,2025-10-15 20:03:31.449,2025-10-15 20:04:05.432,47.084,67.966
T45,2025-10-17 06:50:12.440,2025-10-17 06:50:53.003,2025-10-17 06:51:33.566,48.073,81.126
T45,2025-10-18 06:56:20.804,2025-10-18 06:57:30.115,2025-10-18 06:58:39.426,57.338,138.622
T45,2025-10-19 07:02:44.148,2025-10-19 07:04:06.911,2025-10-19 07:05:29.674,69.702,165.526
T45,2025-10-20 07:09:15.181,2025-10-20 07:10:43.378,2025-10-20 07:12:11.575,84.850,176.394
T45,2025-10-21 07:15:52.418,2025-10-21 07:17:19.512,2025-10-21 07:18:46.606,79.134,174.188
T45,2025-10-22 07:22:36.174,2025-10-22 07:23:55.303,2025-10-22 07:25:14.432,64.830,158.258
T46,2025-10-15 12:49:33.900,2025-10-15 12:50:10.500,2025-10-15 12:50:47.099,47.342,73.199
T46,2025-10-16 01:05:07.469,2025-10-16 01:05:56.565,2025-10-16 01:06:45.660,49.631,98.191
T46,2025-10-16 12:55:41.456,2025-10-16 12:56:50.209,2025-10-16 12:57:58.962,56.402,137.506
T46,2025-10-17 13:02:05.837,2025-10-17 13:03:29.056,2025-10-17 13:04:52.275,68.510,166.438
T46,2025-10-18 13:08:37.824,2025-10-18 13:10:07.034,2025-10-18 13:11:36.244,83.425,178.42
T46,2025-10-19 13:15:15.561,2025-10-19 13:16:44.142,2025-10-19 13:18:12.724,80.646,177.163
T46,2025-10-20 13:21:59.084,2025-10-20 13:23:20.376,2025-10-20 13:24:41.669,66.255,162.585
T46,2025-10-21 13:28:50.462,2025-10-21 13:29:55.722,2025-10-21 13:31:00.983,54.840,130.521
T47,2025-10-15 12:22:04.255,2025-10-15 12:23:26.264,2025-10-15 12:24:48.272,64.412,164.017
T47,2025-10-16 01:31:02.257,2025-10-16 01:32:33.127,2025-10-16 01:34:03.996,79.597,181.739
T47,2025-10-16 12:28:54.439,2025-10-16 12:30:07.321,2025-10-16 12:31:20.203,57.563,145.764
T47,2025-10-17 01:37:40.729,2025-10-17 01:39:12.909,2025-10-17 01:40:45.089,88.705,184.36
T47,2025-10-17 12:35:49.201,2025-10-17 12:36:48.113,2025-10-17 12:37:47.026,51.769,117.825
T47,2025-10-18 01:44:20.410,2025-10-18 01:45:51.751,2025-10-18 01:47:23.092,82.189,182.682
T47,2025-10-18 12:42:54.063,2025-10-18 12:43:28.635,2025-10-18 12:44:03.207,46.937,69.144
T47,2025-10-19 01:51:01.296,2025-10-19 01:52:29.661,2025-10-19 01:53:58.027,73.590,176.731
T47,2025-10-20 01:57:43.543,2025-10-20 01:59:06.638,2025-10-20 02:00:29.733,65.859,166.19
T47,2025-10-20 11:20:45.847,2025-10-20 11:21:16.812,2025-10-20 11:21:47.777,46.562,61.93
T47,2025-10-21 02:04:27.546,2025-10-21 02:05:42.682,2025-10-21 02:06:57.817,59.158,150.271
T47,2025-10-21 11:26:56.478,2025-10-21 11:27:51.810,2025-10-21 11:28:47.142,50.884,110.664
T47,2025-10-22 02:11:14.220,2025-10-22 02:12:17.805,2025-10-22 02:13:21.389,53.483,127.169
T48,2025-10-15 11:44:56.397,2025-10-15 11:46:05.567,2025-10-15 11:47:14.737,56.224,138.34
T48,2025-10-15 13:20:25.913,2025-10-15 13:21:55.193,2025-10-15 13:23:24.473,79.963,178.56
T48,2025-10-15 14:56:00.930,2025-10-15 14:57:30.785,2025-10-15 14:59:00.640,83.391,179.71
T48,2025-10-15 16:31:31.200,2025-10-15 16:33:00.707,2025-10-15 16:34:30.214,81.635,179.014
T48,2025-10-15 18:07:03.983,2025-10-15 18:08:34.198,2025-10-15 18:10:04.413,84.938,180.43
T48,2025-10-15 19:43:02.574,2025-10-15 19:44:19.940,2025-10-15 19:45:37.306,61.435,154.732
T48,2025-10-16 11:51:35.592,2025-10-16 11:52:47.574,2025-10-16 11:53:59.555,57.762,143.963
T48,2025-10-16 13:27:06.316,2025-10-16 13:28:35.947,2025-10-16 13:30:05.577,81.531,179.261
T48,2025-10-16 15:02:41.086,2025-10-16 15:04:10.813,2025-10-16 15:05:40.540,82.770,179.454
T48,2025-10-16 16:38:11.050,2025-10-16 16:39:40.643,2025-10-16 16:41:10.236,82.082,179.186
T48,2025-10-16 18:13:44.679,2025-10-16 18:15:14.683,2025-10-16 18:16:44.687,83.482,180.008
T48,2025-10-16 19:49:46.333,2025-10-16 19:51:01.527,2025-10-16 19:52:16.721,59.808,150.388
T48,2025-10-17 11:58:14.397,2025-10-17 11:59:28.874,2025-10-17 12:00:43.350,59.337,148.953
T48,2025-10-17 13:33:46.121,2025-10-17 13:35:16.025,2025-10-17 13:36:45.928,83.051,179.807
T48,2025-10-17 15:09:20.604,2025-10-17 15:10:50.208,2025-10-17 15:12:19.813,82.224,179.209
T48,2025-10-17 16:44:50.304,2025-10-17 16:46:19.992,2025-10-17 16:47:49.681,82.604,179.377
T48,2025-10-17 18:20:24.896,2025-10-17 18:21:54.622,2025-10-17 18:23:24.349,81.976,179.453
T48,2025-10-17 19:56:29.843,2025-10-17 19:57:42.598,2025-10-17 19:58:55.353,58.217,145.51
T48,2025-10-18 12:04:52.775,2025-10-18 12:06:09.466,2025-10-18 12:07:26.156,60.945,153.381
T48,2025-10-18 13:40:25.322,2025-10-18 13:41:55.430,2025-10-18 13:43:25.537,84.518,180.215
T48,2025-10-18 15:15:59.483,2025-10-18 15:17:28.974,2025-10-18 15:18:58.465,81.754,178.982
T48,2025-10-18 16:51:28.967,2025-10-18 16:52:58.757,2025-10-18 16:54:28.548,83.200,179.581
T48,2025-10-18 18:27:04.644,2025-10-18 18:28:34.019,2025-10-18 18:30:03.394,80.424,178.75
T48,2025-10-18 20:03:13.140,2025-10-18 20:04:23.157,2025-10-18 20:05:33.173,56.667,140.033
T48,2025-10-19 12:11:30.696,2025-10-19 12:12:49.353,2025-10-19 12:14:08.011,62.582,157.315
T48,2025-10-19 13:47:03.914,2025-10-19 13:48:34.165,2025-10-19 13:50:04.416,85.927,180.502
T48,2025-10-19 15:22:37.724,2025-10-19 15:24:07.113,2025-10-19 15:25:36.502,81.360,178.778
T48,2025-10-19 16:58:07.046,2025-10-19 16:59:36.941,2025-10-19 17:01:06.836,83.870,179.79
T48,2025-10-19 18:33:43.931,2025-10-19 18:35:12.874,2025-10-19 18:36:41.817,78.832,177.886
T48,2025-10-19 20:09:56.268,2025-10-19 20:11:03.205,2025-10-19 20:12:10.143,55.160,133.875
T48,2025-10-20 12:18:08.137,2025-10-20 12:19:28.536,2025-10-20 12:20:48.935,64.242,160.798
T48,2025-10-20 13:53:41.893,2025-10-20 13:55:12.233,2025-10-20 13:56:42.573,87.276,180.68
T48,2025-10-20 15:29:15.328,2025-10-20 15:30:44.629,2025-10-20 15:32:13.930,81.039,178.602
T48,2025-10-20 17:04:44.548,2025-10-20 17:06:14.546,2025-10-20 17:07:44.545,84.613,179.997
T48,2025-10-20 18:40:22.769,2025-10-20 18:41:51.190,2025-10-20 18:43:19.611,77.207,176.842
T48,2025-10-20 20:16:39.287,2025-10-20 20:17:42.741,2025-10-20 20:18:46.196,53.699,126.909
T48,2025-10-21 10:49:55.349,2025-10-21 10:50:06.373,2025-10-21 10:50:17.396,45.190,22.047
T48,2025-10-21 12:24:45.078,2025-10-21 12:26:07.021,2025-10-21 12:27:28.965,65.920,163.887
T48,2025-10-21 14:00:19.255,2025-10-21 14:01:49.637,2025-10-21 14:03:20.018,88.561,180.763
T48,2025-10-21 15:35:52.295,2025-10-21 15:37:21.524,2025-10-21 15:38:50.753,80.793,178.458
T48,2025-10-21 17:11:21.479,2025-10-21 17:12:51.576,2025-10-21 17:14:21.673,85.430,180.194
T48,2025-10-21 18:47:01.168,2025-10-21 18:48:28.969,2025-10-21 18:49:56.771,75.555,175.603
T48,2025-10-21 20:23:22.262,2025-10-21 20:24:21.768,2025-10-21 20:25:21.273,52.286,119.011
T49,2025-10-15 13:37:52.480,2025-10-15 13:39:06.845,2025-10-15 13:40:21.210,60.858,148.73
T49,2025-10-16 13:44:54.151,2025-10-16 13:45:45.089,2025-10-16 13:46:36.028,50.303,101.877
T49,2025-10-20 00:43:10.054,2025-10-20 00:43:56.840,2025-10-20 00:44:43.626,49.291,93.572
T49,2025-10-21 00:49:19.914,2025-10-21 00:50:32.378,2025-10-21 00:51:44.841,59.361,144.927
T49,2025-10-22 00:55:43.136,2025-10-22 00:57:07.559,2025-10-22 00:58:31.983,72.756,168.847
T5,2025-10-15 11:45:10.429,2025-10-15 11:45:56.640,2025-10-15 11:46:42.850,48.868,92.421
T5,2025-10-15 13:20:31.713,2025-10-15 13:21:54.795,2025-10-15 13:23:17.876,67.201,166.163
T5,2025-10-15 14:56:08.817,2025-10-15 14:57:38.850,2025-10-15 14:59:08.884,83.594,180.067
T5,2025-10-15 16:31:45.417,2025-10-15 16:33:15.895,2025-10-15 16:34:46.373,88.577,180.956
T5,2025-10-15 18:07:24.723,2025-10-15 18:08:54.051,2025-10-15 18:10:23.379,80.034,178.656
T5,2025-10-15 19:43:23.294,2025-10-15 19:44:41.280,2025-10-15 19:45:59.267,61.937,155.973
T5,2025-10-16 11:51:47.884,2025-10-16 11:52:39.220,2025-10-16 11:53:30.556,49.982,102.672
T5,2025-10-16 13:27:12.082,2025-10-16 13:28:36.156,2025-10-16 13:30:00.231,68.551,168.149
T5,2025-10-16 15:02:49.302,2025-10-16 15:04:19.434,2025-10-16 15:05:49.566,84.373,180.264
T5,2025-10-16 16:38:25.786,2025-10-16 16:39:56.247,2025-10-16 16:41:26.708,88.412,180.922
T5,2025-10-16 18:14:05.715,2025-10-16 18:15:34.749,2025-10-16 18:17:03.783,78.982,178.068
T5,2025-10-16 19:50:06.571,2025-10-16 19:51:22.841,2025-10-16 19:52:39.111,60.583,152.54
T5,2025-10-17 11:58:25.358,2025-10-17 11:59:21.097,2025-10-17 12:00:16.836,51.129,111.478
T5,2025-10-17 13:33:51.883,2025-10-17 13:35:16.841,2025-10-17 13:36:41.799,69.885,169.916
T5,2025-10-17 15:09:29.170,2025-10-17 15:10:59.377,2025-10-17 15:12:29.585,85.091,180.415
T5,2025-10-17 16:45:05.559,2025-10-17 16:46:36.000,2025-10-17 16:48:06.441,88.180,180.882
T5,2025-10-17 18:20:46.194,2025-10-17 18:22:14.885,2025-10-17 18:23:43.577,77.884,177.383
T5,2025-10-17 19:56:49.501,2025-10-17 19:58:03.871,2025-10-17 19:59:18.241,59.244,148.74
T5,2025-10-18 12:05:02.684,2025-10-18 12:06:02.266,2025-10-18 12:07:01.848,52.306,119.164
T5,2025-10-18 13:40:31.111,2025-10-18 13:41:56.851,2025-10-18 13:43:22.591,71.200,171.48
T5,2025-10-18 15:16:08.419,2025-10-18 15:17:38.682,2025-10-18 15:19:08.946,85.745,180.527
T5,2025-10-18 16:51:44.738,2025-10-18 16:53:15.155,2025-10-18 16:54:45.572,87.881,180.834
T5,2025-10-18 18:27:26.167,2025-10-18 18:28:54.462,2025-10-18 18:30:22.757,76.742,176.59
T5,2025-10-18 20:03:32.106,2025-10-18 20:04:44.370,2025-10-18 20:05:56.634,57.922,144.528
T5,2025-10-19 12:11:39.768,2025-10-19 12:12:42.739,2025-10-19 12:13:45.709,53.511,125.941
T5,2025-10-19 13:47:09.758,2025-10-19 13:48:36.188,2025-10-19 13:50:02.618,72.490,172.86
T5,2025-10-19 15:22:47.048,2025-10-19 15:24:17.352,2025-10-19 15:25:47.657,86.334,180.609
T5,2025-10-19 16:58:23.327,2025-10-19 16:59:53.715,2025-10-19 17:01:24.103,87.516,180.776
T5,2025-10-19 18:34:05.642,2025-10-19 18:35:33.481,2025-10-19 18:37:01.320,75.561,175.678
T5,2025-10-19 20:10:14.411,2025-10-19 20:11:24.341,2025-10-19 20:12:34.272,56.622,139.861
T5,2025-10-20 12:18:16.521,2025-10-20 12:19:22.508,2025-10-20 12:20:28.495,54.744,131.974
T5,2025-10-20 13:53:47.819,2025-10-20 13:55:14.854,2025-10-20 13:56:41.889,73.752,174.07
T5,2025-10-20 15:29:25.058,2025-10-20 15:30:55.390,2025-10-20 15:32:25.721,86.859,180.663
T5,2025-10-20 17:05:01.332,2025-10-20 17:06:31.683,2025-10-20 17:08:02.035,87.087,180.703
T5,2025-10-20 18:40:44.627,2025-10-20 18:42:11.945,2025-10-20 18:43:39.262,74.344,174.635
T5,2025-10-20 20:16:56.444,2025-10-20 20:18:03.787,2025-10-20 20:19:11.129,55.346,134.685
T5,2025-10-21 12:24:52.898,2025-10-21 12:26:01.580,2025-10-21 12:27:10.262,56.001,137.364
T5,2025-10-21 14:00:25.288,2025-10-21 14:01:52.853,2025-10-21 14:03:20.419,74.980,175.131
T5,2025-10-21 15:36:02.449,2025-10-21 15:37:32.797,2025-10-21 15:39:03.146,87.319,180.697
T5,2025-10-21 17:11:38.755,2025-10-21 17:13:09.061,2025-10-21 17:14:39.367,86.593,180.612
T5,2025-10-21 18:47:23.130,2025-10-21 18:48:49.855,2025-10-21 18:50:16.579,73.096,173.449
T5,2025-10-21 20:23:38.248,2025-10-21 20:24:42.704,2025-10-21 20:25:47.160,54.097,128.912
T50,2025-10-15 11:00:36.232,2025-10-15 11:01:52.077,2025-10-15 11:03:07.922,58.958,151.69
T50,2025-10-15 12:36:33.359,2025-10-15 12:37:18.053,2025-10-15 12:38:02.747,48.454,89.388
T50,2025-10-15 20:27:53.912,2025-10-15 20:29:09.193,2025-10-15 20:30:24.473,58.984,150.561
T50,2025-10-15 22:04:11.430,2025-10-15 22:04:46.435,2025-10-15 22:05:21.440,46.957,70.01
T50,2025-10-16 11:07:11.463,2025-10-16 11:08:33.542,2025-10-16 11:09:55.622,63.801,164.159
T50,2025-10-16 12:43:32.130,2025-10-16 12:43:55.963,2025-10-16 12:44:19.795,45.886,47.665
T50,2025-10-16 20:34:26.862,2025-10-16 20:35:47.853,2025-10-16 20:37:08.844,63.302,161.982
T50,2025-10-17 11:13:47.491,2025-10-17 11:15:14.139,2025-10-17 11:16:40.787,69.129,173.296
T50,2025-10-17 20:41:00.707,2025-10-17 20:42:26.146,2025-10-17 20:43:51.585,68.115,170.878
T50,2025-10-18 11:20:24.026,2025-10-18 11:21:53.860,2025-10-18 11:23:23.694,74.883,179.668
T50,2025-10-18 20:47:35.302,2025-10-18 20:49:04.072,2025-10-18 20:50:32.841,73.409,177.539
T50,2025-10-19 11:27:00.896,2025-10-19 11:28:32.718,2025-10-19 11:30:04.540,80.959,183.644
T50,2025-10-19 20:54:10.565,2025-10-19 20:55:41.632,2025-10-19 20:57:12.699,79.131,182.134
T50,2025-10-20 11:33:37.990,2025-10-20 11:35:10.715,2025-10-20 11:36:43.441,87.211,185.451
T50,2025-10-20 21:00:46.456,2025-10-20 21:02:18.832,2025-10-20 21:03:51.209,85.182,184.753
T50,2025-10-21 11:40:15.242,2025-10-21 11:41:47.853,2025-10-21 11:43:20.464,86.533,185.222
T50,2025-10-21 21:07:22.967,2025-10-21 21:08:55.673,2025-10-21 21:10:28.378,88.582,185.411
T6,2025-10-20 03:51:28.002,2025-10-20 03:52:20.795,2025-10-20 03:53:13.588,50.740,105.586
T6,2025-10-20 15:53:18.076,2025-10-20 15:54:00.559,2025-10-20 15:54:43.041,48.418,84.965
T6,2025-10-21 03:57:40.381,2025-10-21 03:58:56.562,2025-10-21 04:00:12.742,62.146,152.361
T6,2025-10-21 15:59:24.370,2025-10-21 16:00:36.186,2025-10-21 16:01:48.003,58.936,143.633
T6,2025-10-22 04:04:05.384,2025-10-22 04:05:31.781,2025-10-22 04:06:58.179,77.263,172.795
T7,2025-10-15 12:27:09.211,2025-10-15 12:27:48.434,2025-10-15 12:28:27.657,47.569,78.446
T7,2025-10-15 14:01:46.107,2025-10-15 14:03:11.194,2025-10-15 14:04:36.281,67.048,170.174
T7,2025-10-16 04:40:19.696,2025-10-16 04:41:48.153,2025-10-16 04:43:16.610,72.511,176.914
T7,2025-10-16 12:33:34.053,2025-10-16 12:34:26.491,2025-10-16 12:35:18.928,50.048,104.875
T7,2025-10-16 14:08:32.077,2025-10-16 14:09:52.452,2025-10-16 14:11:12.827,62.271,160.75
T7,2025-10-17 04:47:01.785,2025-10-17 04:48:27.087,2025-10-17 04:49:52.389,67.739,170.604
T7,2025-10-17 12:40:01.949,2025-10-17 12:41:04.148,2025-10-17 12:42:06.347,52.838,124.398
T7,2025-10-17 14:15:19.202,2025-10-17 14:16:33.350,2025-10-17 14:17:47.498,57.924,148.296
T7,2025-10-18 03:18:47.150,2025-10-18 03:19:25.969,2025-10-18 03:20:04.787,47.444,77.637
T7,2025-10-18 04:53:43.951,2025-10-18 04:55:05.190,2025-10-18 04:56:26.429,63.392,162.478
T7,2025-10-18 12:46:31.505,2025-10-18 12:47:41.409,2025-10-18 12:48:51.314,55.974,139.809
T7,2025-10-18 14:22:07.940,2025-10-18 14:23:13.892,2025-10-18 14:24:19.844,54.011,131.904
T7,2025-10-19 03:25:11.578,2025-10-19 03:26:06.691,2025-10-19 03:27:01.804,50.559,110.226
T7,2025-10-19 05:00:26.297,2025-10-19 05:01:42.471,2025-10-19 05:02:58.645,59.474,152.348
T7,2025-10-19 12:53:02.142,2025-10-19 12:54:18.274,2025-10-19 12:55:34.406,59.486,152.264
T7,2025-10-19 14:28:59.185,2025-10-19 14:29:54.074,2025-10-19 14:30:48.963,50.516,109.778
T7,2025-10-20 03:31:40.424,2025-10-20 03:32:46.546,2025-10-20 03:33:52.668,54.054,132.244
T7,2025-10-20 05:07:08.987,2025-10-20 05:08:18.936,2025-10-20 05:09:28.885,55.969,139.898
T7,2025-10-20 12:59:33.569,2025-10-20 13:00:54.752,2025-10-20 13:02:15.935,63.399,162.366
T7,2025-10-20 14:35:55.361,2025-10-20 14:36:33.896,2025-10-20 14:37:12.430,47.410,77.069
T7,2025-10-21 03:38:11.273,2025-10-21 03:39:25.538,2025-10-21 03:40:39.804,57.953,148.531
T7,2025-10-21 05:13:52.308,2025-10-21 05:14:54.584,2025-10-21 05:15:56.859,52.848,124.551
T7,2025-10-21 13:06:05.612,2025-10-21 13:07:30.839,2025-10-21 13:08:56.066,67.727,170.454
T7,2025-10-22 03:44:43.233,2025-10-22 03:46:03.677,2025-10-22 03:47:24.121,62.268,160.888
T7,2025-10-22 05:20:36.819,2025-10-22 05:21:29.420,2025-10-22 05:22:22.021,50.077,105.202
T8,2025-10-15 18:29:55.770,2025-10-15 18:31:22.086,2025-10-15 18:32:48.401,77.660,172.631
T8,2025-10-16 06:38:36.089,2025-10-16 06:39:45.212,2025-10-16 06:40:54.335,57.173,138.246
T8,2025-10-16 18:36:32.781,2025-10-16 18:38:00.670,2025-10-16 18:39:28.558,84.902,175.777
T8,2025-10-17 06:45:48.644,2025-10-17 06:46:23.766,2025-10-17 06:46:58.887,47.216,70.243
T8,2025-10-17 18:43:16.856,2025-10-17 18:44:38.526,2025-10-17 18:46:00.197,68.491,163.341
T8,2025-10-18 18:50:10.091,2025-10-18 18:51:15.640,2025-10-18 18:52:21.189,55.475,131.098
T8,2025-10-19 18:57:27.305,2025-10-19 18:57:52.006,2025-10-19 18:58:16.708,46.057,49.403
T9,2025-10-15 17:24:37.045,2025-10-15 17:25:46.479,2025-10-15 17:26:55.913,55.377,138.868
T9,2025-10-15 18:59:58.048,2025-10-15 19:01:25.783,2025-10-15 19:02:53.517,70.922,175.469
T9,2025-10-16 01:19:56.307,2025-10-16 01:21:01.495,2025-10-16 01:22:06.683,53.869,130.376
T9,2025-10-16 02:54:53.005,2025-10-16 02:56:24.679,2025-10-16 02:57:56.352,79.398,183.347
T9,2025-10-16 17:31:13.066,2025-10-16 17:32:28.251,2025-10-16 17:33:43.436,58.382,150.37
T9,2025-10-16 19:06:39.477,2025-10-16 19:08:04.989,2025-10-16 19:09:30.500,67.754,171.023
T9,2025-10-17 01:26:29.927,2025-10-17 01:27:39.714,2025-10-17 01:28:49.501,55.832,139.574
T9,2025-10-17 03:01:34.865,2025-10-17 03:03:05.135,2025-10-17 03:04:35.405,75.328,180.54
T9,2025-10-17 17:37:49.374,2025-10-17 17:39:09.222,2025-10-17 17:40:29.070,61.610,159.696
T9,2025-10-17 19:13:20.520,2025-10-17 19:14:43.435,2025-10-17 19:16:06.350,64.819,165.83
T9,2025-10-18 01:33:03.573,2025-10-18 01:34:17.461,2025-10-18 01:35:31.350,57.978,147.777
T9,2025-10-18 03:08:16.847,2025-10-18 03:09:45.168,2025-10-18 03:11:13.489,71.382,176.642
T9,2025-10-18 17:44:25.770,2025-10-18 17:45:49.394,2025-10-18 17:47:13.018,65.054,167.248
T9,2025-10-18 19:20:01.183,2025-10-18 19:21:21.123,2025-10-18 19:22:41.064,62.112,159.881
T9,2025-10-19 01:39:37.197,2025-10-19 01:40:54.745,2025-10-19 01:42:12.294,60.320,155.097
T9,2025-10-19 03:14:59.006,2025-10-19 03:16:24.774,2025-10-19 03:17:50.542,67.602,171.536
T9,2025-10-19 17:51:02.124,2025-10-19 17:52:28.768,2025-10-19 17:53:55.411,68.697,173.287
T9,2025-10-19 19:26:41.486,2025-10-19 19:27:58.063,2025-10-19 19:29:14.641,59.626,153.155
T9,2025-10-20 01:46:10.771,2025-10-20 01:47:31.567,2025-10-20 01:48:52.363,62.868,161.592
T9,2025-10-20 03:21:41.414,2025-10-20 03:23:03.953,2025-10-20 03:24:26.492,64.018,165.078
T9,2025-10-20 17:57:38.339,2025-10-20 17:59:07.346,2025-10-20 18:00:36.352,72.516,178.013
T9,2025-10-20 19:33:21.451,2025-10-20 19:34:34.257,2025-10-20 19:35:47.063,57.349,145.612
T9,2025-10-21 01:52:44.280,2025-10-21 01:54:07.928,2025-10-21 01:55:31.576,65.630,167.296
T9,2025-10-21 03:28:24.175,2025-10-21 03:29:42.714,2025-10-21 03:31:01.253,60.648,157.078
T9,2025-10-21 18:04:14.348,2025-10-21 18:05:45.131,2025-10-21 18:07:15.914,76.477,181.566
T9,2025-10-21 19:40:01.113,2025-10-21 19:41:09.711,2025-10-21 19:42:18.308,55.269,137.195
T9,2025-10-22 01:59:17.708,2025-10-22 02:00:43.832,2025-10-22 02:02:09.957,68.612,172.249
T9,2025-10-22 03:35:07.430,2025-10-22 03:36:21.054,2025-10-22 03:37:34.678,57.505,147.248
